insert into dbi.Child (id, firstname, lastname, age) values (1, 'Zachariah', 'Downer', 12),
(2, 'Wald', 'Barge', 80),
(3, 'Marty', 'Sharnock', 77),
(4, 'Margaretta', 'Gledhall', 45),
(5, 'Barbe', 'Rehor', 65),
(6, 'Aylmar', 'McGlew', 80),
(7, 'Madeline', 'Alti', 78),
(8, 'Ethel', 'Tabourin', 58),
(9, 'Dom', 'Chellingworth', 62),
(10, 'Issiah', 'Snazle', 20),
(11, 'Reube', 'Andreotti', 45),
(12, 'Sax', 'Cowden', 51),
(13, 'Clemence', 'Surman-Wells', 59),
(14, 'Alie', 'Capstick', 54),
(15, 'Annamarie', 'Jolliss', 64),
(16, 'Ulrica', 'Othick', 55),
(17, 'Nathalia', 'Garlick', 66),
(18, 'Rivi', 'Mowat', 46),
(19, 'Jonathan', 'Pantone', 11),
(20, 'Trudi', 'Wyldish', 49),
(21, 'Berke', 'Lelande', 24),
(22, 'Drud', 'Beceril', 48),
(23, 'Nona', 'Hebditch', 47),
(24, 'Rhody', 'Lambdon', 61),
(25, 'Wini', 'Alphonso', 50),
(26, 'Tine', 'Tyrer', 7),
(27, 'Mirabelle', 'MacCaughey', 58),
(28, 'Carine', 'Neggrini', 21),
(29, 'Aarika', 'Reinisch', 15),
(30, 'Isidro', 'Salter', 78),
(31, 'Elisha', 'Errey', 70),
(32, 'Ransom', 'Weare', 80),
(33, 'Filmer', 'Paylie', 45),
(34, 'Lorens', 'Barney', 34),
(35, 'Sigrid', 'McBride', 14),
(36, 'Zabrina', 'Perillio', 26),
(37, 'Mala', 'Morrel', 22),
(38, 'Anny', 'Willden', 34),
(39, 'Fanny', 'Gouldbourn', 39),
(40, 'Chandal', 'Thornborrow', 63),
(41, 'Edythe', 'Pendred', 59),
(42, 'Hersh', 'Mansion', 27),
(43, 'Harry', 'Porrett', 40),
(44, 'Mei', 'Russ', 62),
(45, 'Anabelle', 'Brenstuhl', 51),
(46, 'Patrizio', 'Pennini', 76),
(47, 'Andrej', 'Neenan', 75),
(48, 'Benedetta', 'Georgievski', 57),
(49, 'Scott', 'Exon', 19),
(50, 'Mattias', 'Cisland', 17),
(51, 'Aldus', 'Weavill', 79),
(52, 'Michaeline', 'Gaines', 59),
(53, 'Layne', 'Annand', 67),
(54, 'Hyacinthie', 'Goggey', 19),
(55, 'Marion', 'Anchor', 74),
(56, 'Geoffrey', 'Tunnoch', 70),
(57, 'Opal', 'Gligoraci', 25),
(58, 'Dame', 'Lempenny', 72),
(59, 'Kaile', 'Balling', 22),
(60, 'Larisa', 'Skells', 50),
(61, 'Farly', 'Blackburne', 62),
(62, 'Bone', 'Baack', 42),
(63, 'Lynn', 'Ace', 39),
(64, 'Cal', 'Astman', 25),
(65, 'Alvie', 'Djokovic', 12),
(66, 'Irma', 'Colville', 52),
(67, 'Berrie', 'Livezley', 80),
(68, 'Genevra', 'Wolfenden', 58),
(69, 'Andrea', 'Bastard', 80),
(70, 'Orrin', 'Lyffe', 57),
(71, 'Prissie', 'McRannell', 58),
(72, 'Vinnie', 'Swannack', 43),
(73, 'Filmer', 'Herety', 69),
(74, 'Thalia', 'Kendred', 77),
(75, 'Nyssa', 'Prince', 28),
(76, 'Leigh', 'Blazeby', 67),
(77, 'Willem', 'Itzakovitz', 61),
(78, 'Aubrey', 'Jeffress', 37),
(79, 'Mace', 'Osman', 20),
(80, 'Ethelda', 'Barnaclough', 35),
(81, 'Ulrikaumeko', 'Twitchett', 57),
(82, 'Bourke', 'Bugbee', 72),
(83, 'Leeann', 'Lapere', 33),
(84, 'Aggie', 'Roebottom', 25),
(85, 'Galven', 'Mepham', 5),
(86, 'Emanuel', 'Pirrie', 71),
(87, 'Gaspard', 'Butland', 17),
(88, 'Clemence', 'Crosskell', 68),
(89, 'Nissy', 'Dix', 51),
(90, 'Margaretha', 'Barok', 31),
(91, 'Karney', 'Stuckow', 6),
(92, 'Christiana', 'Ferran', 8),
(93, 'Reese', 'Winslett', 27),
(94, 'Milt', 'Lage', 79),
(95, 'Blinnie', 'Bealton', 47),
(96, 'Bennett', 'Isles', 11),
(97, 'Easter', 'August', 41),
(98, 'Shandee', 'Bussell', 41),
(99, 'Christos', 'Vigors', 75),
(100, 'Emmit', 'Lambertson', 66);
(101, 'Jorey', 'Santino', 36),
(102, 'Josepha', 'Jeenes', 51),
(103, 'Shannon', 'Mantram', 28),
(104, 'Brita', 'Mundall', 68),
(105, 'Michaella', 'Lydon', 50),
(106, 'Dallas', 'Say', 78),
(107, 'Edik', 'Adelberg', 38),
(108, 'Lauralee', 'Verriour', 28),
(109, 'Berton', 'Manlow', 50),
(110, 'Raleigh', 'Hodgon', 20),
(111, 'Findley', 'Emmerson', 29),
(112, 'Brian', 'Rosendahl', 15),
(113, 'Ancell', 'Allabush', 38),
(114, 'Cecil', 'Snelle', 17),
(115, 'Hendrick', 'Watmough', 79),
(116, 'Chaddy', 'Very', 33),
(117, 'Meagan', 'Malter', 58),
(118, 'Gran', 'Crolla', 33),
(119, 'Orren', 'Alvarado', 22),
(120, 'Nari', 'Kennaird', 76),
(121, 'Kylie', 'Strongitharm', 37),
(122, 'Rogerio', 'Caulwell', 50),
(123, 'Huey', 'Perrie', 40),
(124, 'Cobb', 'Supple', 17),
(125, 'Baily', 'Winchcum', 7),
(126, 'Gerianne', 'Lawrance', 67),
(127, 'Mavra', 'Dupey', 73),
(128, 'Sharline', 'Goodlip', 64),
(129, 'Veradis', 'Holleran', 6),
(130, 'Angel', 'Ebbs', 38),
(131, 'Norbie', 'Kellog', 66),
(132, 'Arie', 'Lamdin', 71),
(133, 'Cher', 'Marlor', 80),
(134, 'Ted', 'Winfield', 60),
(135, 'Brandie', 'Perrone', 23),
(136, 'Jeanette', 'Regitz', 27),
(137, 'Artair', 'Wabe', 71),
(138, 'Duky', 'Cranmere', 54),
(139, 'Rolando', 'Kennaird', 71),
(140, 'Ethyl', 'Fitzroy', 60),
(141, 'Dare', 'Queen', 56),
(142, 'Griffith', 'Dominichelli', 37),
(143, 'Fenelia', 'Suller', 57),
(144, 'Bell', 'MacNair', 63),
(145, 'Lyn', 'Neasam', 17),
(146, 'Morgan', 'Maffia', 56),
(147, 'Jourdain', 'Siebart', 32),
(148, 'Evelina', 'Leinweber', 46),
(149, 'Janice', 'Orae', 18),
(150, 'Hedvig', 'Morfell', 69),
(151, 'Juan', 'McGuinley', 36),
(152, 'Shannen', 'Kaley', 12),
(153, 'Anna-diana', 'Pettus', 17),
(154, 'Brooks', 'Dryburgh', 20),
(155, 'Ode', 'Rhymes', 75),
(156, 'Alison', 'Gardner', 25),
(157, 'Cori', 'Blessed', 15),
(158, 'Mar', 'Walles', 67),
(159, 'Freddy', 'Frayne', 75),
(160, 'Phelia', 'Haffard', 19),
(161, 'Nicholle', 'MacCleay', 44),
(162, 'Elsworth', 'Linguard', 40),
(163, 'George', 'Tyt', 16),
(164, 'Renaldo', 'Corfield', 64),
(165, 'Eward', 'Schimke', 53),
(166, 'Pauletta', 'Highnam', 73),
(167, 'Babbie', 'Gounel', 71),
(168, 'Orlan', 'Laundon', 43),
(169, 'Lyssa', 'Limerick', 25),
(170, 'Nicky', 'Francis', 65),
(171, 'Gerick', 'Shoreman', 41),
(172, 'Wanids', 'Crutchfield', 72),
(173, 'Opalina', 'Yurocjhin', 55),
(174, 'Carmina', 'Adamoli', 74),
(175, 'Bogey', 'Shovelbottom', 78),
(176, 'Fred', 'Baudino', 77),
(177, 'Dottie', 'Gronauer', 29),
(178, 'Delainey', 'Van den Dael', 55),
(179, 'Aeriela', 'Sharrocks', 61),
(180, 'Ev', 'Troyes', 39),
(181, 'Alicia', 'De Wolfe', 11),
(182, 'Chrotoem', 'Tinan', 37),
(183, 'Ninnetta', 'Cramer', 57),
(184, 'Fayina', 'Maro', 15),
(185, 'Shirlene', 'Crosetto', 75),
(186, 'Jennifer', 'Breissan', 20),
(187, 'Gare', 'Waldocke', 5),
(188, 'Bliss', 'Gormally', 58),
(189, 'Alfie', 'Porson', 21),
(190, 'Norris', 'Ewbank', 46),
(191, 'Benny', 'Rochford', 23),
(192, 'Micky', 'Heaven', 56),
(193, 'Nickie', 'Brownbridge', 15),
(194, 'Harri', 'Gilson', 12),
(195, 'Arch', 'Pohl', 70),
(196, 'Adolph', 'Oxtiby', 11),
(197, 'Shoshana', 'Godsafe', 68),
(198, 'L,urette', 'Aspole', 10),
(199, 'Reube', 'Ferreira', 34),
(200, 'Johnathon', 'Almack', 23),
(201, 'Marta', 'Danilyak', 37),
(202, 'Erie', 'Pargent', 51),
(203, 'Ban', 'McAleese', 80),
(204, 'Marty', 'Mallows', 48),
(205, 'Lillis', 'Cheers', 66),
(206, 'Delilah', 'Westmore', 71),
(207, 'Salomi', 'Perin', 67),
(208, 'Clarisse', 'McGraith', 25),
(209, 'Kristoffer', 'Culham', 79),
(210, 'Timmy', 'Kolczynski', 31),
(211, 'Fenelia', 'Wyndham', 69),
(212, 'Addy', 'Geoghegan', 78),
(213, 'Randolf', 'Males', 68),
(214, 'Marthena', 'Jest', 60),
(215, 'Olenolin', 'Sherman', 53),
(216, 'Lloyd', 'Ruff', 66),
(217, 'Caye', 'Tocqueville', 76),
(218, 'Kimberley', 'Batch', 53),
(219, 'Charleen', 'Wrightham', 53),
(220, 'Bibbye', 'Peddel', 66),
(221, 'Innis', 'Culross', 65),
(222, 'Willie', 'Bale', 29),
(223, 'Berti', 'Thorlby', 33),
(224, 'Morgana', 'Pickwell', 28),
(225, 'Justinian', 'Huws', 51),
(226, 'Eyde', 'Cassels', 70),
(227, 'Antonin', 'Pealing', 66),
(228, 'Waldon', 'Zarfati', 65),
(229, 'Kariotta', 'Prescott', 34),
(230, 'Krishnah', 'Meenan', 29),
(231, 'Cheston', 'Lamberti', 28),
(232, 'Rog', 'Smallman', 12),
(233, 'Nial', 'Coils', 73),
(234, 'Man', 'Yes', 26),
(235, 'Alexia', 'Benzing', 70),
(236, 'Brok', 'Hartford', 52),
(237, 'Beverlee', 'Yetman', 63),
(238, 'Tracy', 'Morfell', 13),
(239, 'Wiley', 'Mathevon', 70),
(240, 'Jeremy', 'Bangley', 74),
(241, 'Raina', 'Revie', 14),
(242, 'Ameline', 'Cuss', 28),
(243, 'Florida', 'Postle', 5),
(244, 'Elfrida', 'Szachniewicz', 22),
(245, 'Nichol', 'Dourin', 18),
(246, 'Vasily', 'Patrick', 61),
(247, 'Godard', 'Blacklidge', 51),
(248, 'Stanislaw', 'Crothers', 15),
(249, 'Zebulen', 'Ropkins', 75),
(250, 'Jean', 'Camps', 43),
(251, 'Silvanus', 'Chesman', 23),
(252, 'Ellary', 'Stanhope', 60),
(253, 'Kelsy', 'Klimentyev', 35),
(254, 'Carmita', 'Fillon', 52),
(255, 'Mendy', 'Wileman', 70),
(256, 'Marcelle', 'Luffman', 57),
(257, 'Bord', 'Ludlamme', 30),
(258, 'Rees', 'Leathart', 9),
(259, 'Leah', 'Greensite', 48),
(260, 'Gavin', 'Gomez', 52),
(261, 'Lissi', 'Brehault', 24),
(262, 'Rebbecca', 'Maywood', 23),
(263, 'Danny', 'Crumby', 74),
(264, 'Ola', 'Baxster', 62),
(265, 'Dodie', 'Eberdt', 10),
(266, 'Scarlet', 'Charity', 21),
(267, 'Greta', 'Passler', 52),
(268, 'Tye', 'Mulqueeny', 70),
(269, 'Giulietta', 'Chatwin', 38),
(270, 'Gasparo', 'Gantzman', 7),
(271, 'Hedy', 'Macias', 45),
(272, 'Pietra', 'Spira', 57),
(273, 'Norine', 'Orrett', 55),
(274, 'Julianna', 'Bowller', 15),
(275, 'Charin', 'Tiffney', 12),
(276, 'Cherry', 'Berzen', 22),
(277, 'Felix', 'Dossantos', 8),
(278, 'Herschel', 'Arkley', 43),
(279, 'Dillon', 'Tuttiett', 80),
(280, 'Mureil', 'Hubberstey', 71),
(281, 'Edin', 'Durek', 65),
(282, 'Aryn', 'Barzen', 23),
(283, 'Jeth', 'Strelitzer', 24),
(284, 'Garry', 'Beckles', 37),
(285, 'Idette', 'Romushkin', 43),
(286, 'Gert', 'Delong', 19),
(287, 'Berna', 'Grattan', 30),
(288, 'Babbie', 'Lynd', 29),
(289, 'Shellysheldon', 'Phateplace', 41),
(290, 'Ariela', 'Teresi', 64),
(291, 'Tamar', 'Orchart', 46),
(292, 'Thorny', 'Bogeys', 71),
(293, 'Bink', 'Zorzini', 63),
(294, 'Shirl', 'Scardifeild', 18),
(295, 'Annie', 'Guyton', 69),
(296, 'Jami', 'Wolford', 48),
(297, 'Kenna', 'Letrange', 72),
(298, 'Shara', 'Sarsons', 25),
(299, 'Valle', 'Shinner', 51),
(300, 'Sabra', 'Bovaird', 25),
(301, 'Franky', 'Tanser', 78),
(302, 'Terri-jo', 'Czaja', 65),
(303, 'Kass', 'Iori', 16),
(304, 'Bennie', 'Thomkins', 39),
(305, 'Shel', 'Oxley', 54),
(306, 'Lucita', 'Duferie', 49),
(307, 'Wendye', 'Colthurst', 55),
(308, 'Margaretta', 'Limprecht', 53),
(309, 'Redd', 'Abramamov', 42),
(310, 'Raye', 'FitzGibbon', 73),
(311, 'Fredia', 'Ortes', 44),
(312, 'Dick', 'Chennells', 54),
(313, 'Rudy', 'Muzzi', 66),
(314, 'Isa', 'Romeril', 46),
(315, 'Kendell', 'Zuenelli', 21),
(316, 'Zollie', 'Runnicles', 35),
(317, 'Mason', 'Colleer', 36),
(318, 'Ilysa', 'Junkinson', 27),
(319, 'Zeb', 'Kemmer', 64),
(320, 'Kerry', 'Jagger', 44),
(321, 'Van', 'Walshaw', 46),
(322, 'Jaquenette', 'Levay', 32),
(323, 'Ad', 'Filippazzo', 39),
(324, 'Augy', 'Mattiato', 10),
(325, 'Claresta', 'Lorey', 65),
(326, 'Berna', 'Burdon', 65),
(327, 'Amberly', 'Baskeyfied', 71),
(328, 'Leicester', 'Payn', 31),
(329, 'Aryn', 'Paulich', 68),
(330, 'Herculie', 'Boulding', 13),
(331, 'Dagny', 'Kittow', 51),
(332, 'Danika', 'Parren', 18),
(333, 'Berty', 'Goreisr', 52),
(334, 'Garvey', 'Conklin', 14),
(335, 'Meyer', 'Elders', 80),
(336, 'Elna', 'Thurbon', 39),
(337, 'Binky', 'Cornborough', 73),
(338, 'Web', 'Hastwell', 70),
(339, 'Chad', 'Maddigan', 76),
(340, 'Arch', 'Bardey', 8),
(341, 'Erasmus', 'Varcoe', 26),
(342, 'Merwyn', 'Lightning', 67),
(343, 'Jareb', 'Eastham', 74),
(344, 'Koren', 'Gamet', 18),
(345, 'Blondie', 'Gyrgorcewicx', 80),
(346, 'Theressa', 'Steere', 21),
(347, 'Nathalie', 'Hue', 42),
(348, 'Milka', 'Cromb', 45),
(349, 'Lori', 'Dupey', 32),
(350, 'Sergent', 'Kilner', 45),
(351, 'Josselyn', 'Brewin', 49),
(352, 'Coleman', 'Demead', 33),
(353, 'Win', 'Jardin', 60),
(354, 'Ninette', 'Baford', 65),
(355, 'Bettye', 'Launchbury', 34),
(356, 'Davie', 'Ridley', 22),
(357, 'Mattie', 'Urrey', 8),
(358, 'Virgina', 'Speaks', 45),
(359, 'Janey', 'Spencelayh', 45),
(360, 'Genovera', 'Dreghorn', 74),
(361, 'Helli', 'Mikalski', 12),
(362, 'Zacharie', 'McClean', 24),
(363, 'Augie', 'Pischoff', 70),
(364, 'Cacilie', 'Ronca', 76),
(365, 'Onfroi', 'Pharro', 32),
(366, 'Daveen', 'Janew', 74),
(367, 'Christal', 'Furzer', 23),
(368, 'Kanya', 'Hovert', 57),
(369, 'Sarajane', 'Thorby', 23),
(370, 'Araldo', 'Ends', 19),
(371, 'Whitney', 'Cullington', 43),
(372, 'Lenard', 'Reuben', 9),
(373, 'Vannie', 'Fettis', 26),
(374, 'Maybelle', 'Dearness', 34),
(375, 'Darbie', 'Hankinson', 68),
(376, 'Patrice', 'Peert', 40),
(377, 'Sabine', 'Oxburgh', 12),
(378, 'Baldwin', 'Bottomley', 67),
(379, 'Sheilakathryn', 'Perrycost', 67),
(380, 'Sheilakathryn', 'Simonian', 11),
(381, 'Price', 'Testin', 64),
(382, 'Donny', 'Fiddler', 78),
(383, 'Isabella', 'Biever', 10),
(384, 'Krisha', 'Dibnah', 47),
(385, 'Edmund', 'Hurlestone', 32),
(386, 'Goddard', 'Debill', 39),
(387, 'Bertie', 'Saddler', 25),
(388, 'Dev', 'Champion', 58),
(389, 'Rinaldo', 'Clifforth', 9),
(390, 'Anders', 'Aiskrigg', 33),
(391, 'Easter', 'Rowledge', 8),
(392, 'Myer', 'Jobbins', 28),
(393, 'Norine', 'Kilbourn', 54),
(394, 'Sosanna', 'Engeham', 78),
(395, 'Morrie', 'Brunsen', 22),
(396, 'Sianna', 'McGhie', 77),
(397, 'Donaugh', 'Iddons', 43),
(398, 'Abrahan', 'Brecknock', 40),
(399, 'Manny', 'Topley', 39),
(400, 'Marcellina', 'Gantzer', 36),
(401, 'Fidela', 'Mantha', 7),
(402, 'Anselma', 'Maudson', 59),
(403, 'Alvira', 'Nolte', 41),
(404, 'Cullin', 'Vaadeland', 34),
(405, 'Mel', 'Lewzey', 49),
(406, 'Adham', 'Rushbrook', 44),
(407, 'Natalya', 'Lorking', 5),
(408, 'Augie', 'Broodes', 79),
(409, 'Leone', 'Stadding', 37),
(410, 'Peadar', 'Weakley', 74),
(411, 'Evangelin', 'Greatrex', 54),
(412, 'Ginger', 'Patrick', 17),
(413, 'Carole', 'Kelloch', 22),
(414, 'Madalena', 'Weekland', 36),
(415, 'Junia', 'Marc', 13),
(416, 'Brien', 'Fulker', 49),
(417, 'Joceline', 'Wanderschek', 31),
(418, 'Ailina', 'Cristofolini', 41),
(419, 'Tobe', 'Brothers', 24),
(420, 'Constantine', 'Aliberti', 72),
(421, 'Bondon', 'Danielut', 60),
(422, 'Lanie', 'Baudinot', 20),
(423, 'Eirena', 'Mougeot', 62),
(424, 'Vanya', 'Normanvill', 72),
(425, 'Doll', 'Monks', 74),
(426, 'Annabel', 'Dalziel', 50),
(427, 'Marris', 'Comport', 51),
(428, 'Shem', 'Lippiatt', 77),
(429, 'Cullin', 'Deschlein', 39),
(430, 'Sebastiano', 'Cheak', 17),
(431, 'Rhianon', 'Alban', 64),
(432, 'Merwyn', 'Rubenfeld', 72),
(433, 'Winnie', 'Otteridge', 50),
(434, 'Erick', 'Allix', 23),
(435, 'Griselda', 'Prater', 10),
(436, 'Clare', 'Adlam', 77),
(437, 'Abby', 'Humes', 39),
(438, 'Manny', 'Hatley', 58),
(439, 'Aeriell', 'Sunock', 12),
(440, 'Marissa', 'Byrkmyr', 67),
(441, 'Salvador', 'Bridgen', 42),
(442, 'Salvidor', 'Tinmouth', 60),
(443, 'Karlik', 'Giamitti', 66),
(444, 'Sofie', 'Sergant', 45),
(445, 'Marysa', 'MacNeish', 71),
(446, 'Ainslee', 'Chamberlen', 40),
(447, 'Lindsey', 'McGrady', 77),
(448, 'Cullin', 'Visco', 47),
(449, 'Brenda', 'Boulds', 60),
(450, 'Roseanne', 'Hasluck', 56),
(451, 'Janina', 'Jochens', 26),
(452, 'Olive', 'Edgerley', 35),
(453, 'Tanney', 'Rivelon', 36),
(454, 'Kory', 'Minker', 39),
(455, 'Kaylil', 'Gierek', 43),
(456, 'Hashim', 'Repper', 47),
(457, 'Stanly', 'Lince', 56),
(458, 'Hewe', 'Huscroft', 72),
(459, 'Anabel', 'Beltzner', 67),
(460, 'Aubrette', 'Dmiterko', 75),
(461, 'Cesar', 'McFarlane', 32),
(462, 'Brannon', 'Gosneye', 16),
(463, 'Cathi', 'Emmett', 17),
(464, 'Carolyn', 'Bletsor', 26),
(465, 'Eadith', 'Hutcheon', 34),
(466, 'Giacopo', 'Kunneke', 24),
(467, 'Jess', 'Scamerdine', 9),
(468, 'Livvy', 'Tinker', 24),
(469, 'Lyell', 'Harbron', 78),
(470, 'Gage', 'Kees', 7),
(471, 'Dominga', 'Miquelet', 53),
(472, 'Charley', 'Ogilvie', 17),
(473, 'Elisabetta', 'Haggata', 41),
(474, 'Christel', 'D''Abbot-Doyle', 48),
(475, 'Moll', 'Fernihough', 30),
(476, 'Richie', 'Harcombe', 34),
(477, 'Cam', 'Astie', 21),
(478, 'Tan', 'Pawelczyk', 28),
(479, 'Niel', 'Frango', 52),
(480, 'Octavius', 'Tinkham', 58),
(481, 'Inez', 'Stent', 29),
(482, 'Adaline', 'Robertsen', 64),
(483, 'Curr', 'Abbs', 26),
(484, 'Sherwin', 'Grigoriev', 51),
(485, 'Darrelle', 'Hargate', 57),
(486, 'Nita', 'Botterill', 41),
(487, 'Thedrick', 'Hulson', 66),
(488, 'Cassie', 'Brambill', 55),
(489, 'Rafe', 'Stairmand', 19),
(490, 'Tamma', 'Weight', 32),
(491, 'Renelle', 'McCamish', 41),
(492, 'Ber', 'Becks', 73),
(493, 'Amalle', 'Weedenburg', 60),
(494, 'Karyl', 'McKue', 68),
(495, 'Layne', 'Fonzo', 39),
(496, 'Tessi', 'Spenton', 24),
(497, 'Maddalena', 'Standrin', 35),
(498, 'Lewie', 'Swadlin', 27),
(499, 'Niki', 'Tinmouth', 67),
(500, 'Sam', 'Stainfield', 28),
(501, 'Yolanthe', 'Rijkeseis', 40),
(502, 'Chadd', 'Siveyer', 50),
(503, 'Alyosha', 'Coslett', 70),
(504, 'Susanna', 'Phethean', 70),
(505, 'Barris', 'Sterre', 61),
(506, 'Bartholomeo', 'Featherston', 41),
(507, 'Sofia', 'Meir', 54),
(508, 'Chester', 'Coveny', 42),
(509, 'Joella', 'Realph', 66),
(510, 'Brena', 'Dullingham', 30),
(511, 'Eugenie', 'Kiffe', 53),
(512, 'Kippy', 'Martinets', 9),
(513, 'Freda', 'Izchaki', 33),
(514, 'Rupert', 'Le Pruvost', 40),
(515, 'Anthony', 'Dabell', 55),
(516, 'Henrieta', 'Greenacre', 22),
(517, 'Janetta', 'McGeachie', 43),
(518, 'Tucky', 'Keaves', 66),
(519, 'Harlan', 'de Clerq', 24),
(520, 'Margareta', 'Mingard', 48),
(521, 'Paco', 'Dennis', 37),
(522, 'Pandora', 'Avramovsky', 47),
(523, 'Carrol', 'Gullen', 55),
(524, 'Sophie', 'Pyburn', 71),
(525, 'Blondie', 'Pardue', 42),
(526, 'Minnie', 'Probart', 26),
(527, 'Sande', 'Goodfellow', 27),
(528, 'Konstanze', 'Lelliott', 6),
(529, 'Ezri', 'Lavrinov', 72),
(530, 'Silvain', 'Popple', 70),
(531, 'Ramsay', 'Zavattieri', 39),
(532, 'Keefe', 'Aylesbury', 77),
(533, 'Arda', 'MacChaell', 40),
(534, 'Kennedy', 'Ciccoloi', 11),
(535, 'Wendy', 'Galliford', 77),
(536, 'Tracey', 'Luthwood', 25),
(537, 'Ikey', 'Cavanaugh', 65),
(538, 'Janka', 'Varnes', 52),
(539, 'Baxie', 'Skarr', 77),
(540, 'Winnah', 'Kingscote', 23),
(541, 'Denny', 'Sybbe', 76),
(542, 'Rosemary', 'Bignell', 36),
(543, 'Corissa', 'Petr', 74),
(544, 'Dov', 'Ranklin', 29),
(545, 'Hilton', 'McKeney', 21),
(546, 'Vernon', 'Swafford', 7),
(547, 'Rickie', 'Cruwys', 18),
(548, 'Horatio', 'Giffon', 21),
(549, 'Archie', 'Leedal', 78),
(550, 'Carlie', 'Grishmanov', 34),
(551, 'Ignacius', 'Tolefree', 42),
(552, 'Wanda', 'Duer', 49),
(553, 'Gabrila', 'Buchan', 15),
(554, 'Olenka', 'Hussy', 31),
(555, 'Idalia', 'Shakeshaft', 70),
(556, 'Bruno', 'Morfield', 19),
(557, 'Octavia', 'Wandrach', 80),
(558, 'Lorrin', 'Izhaky', 55),
(559, 'Frank', 'Abramovitch', 9),
(560, 'Gawen', 'Scroxton', 72),
(561, 'Prisca', 'Keinrat', 66),
(562, 'Pincas', 'Barzen', 69),
(563, 'Mart', 'Ronald', 56),
(564, 'Gilli', 'Veeler', 34),
(565, 'Basil', 'Edsell', 50),
(566, 'Kelbee', 'De Vile', 33),
(567, 'Dewain', 'Carberry', 36),
(568, 'Dulcinea', 'Kiddey', 42),
(569, 'Jemima', 'Ingree', 61),
(570, 'Anabal', 'Vasilchikov', 8),
(571, 'Sax', 'Perett', 31),
(572, 'Currey', 'Glackin', 75),
(573, 'Drugi', 'Hamor', 12),
(574, 'Christos', 'Fallowes', 36),
(575, 'Aldridge', 'Cockerill', 80),
(576, 'Joyous', 'O''Cannan', 23),
(577, 'Catharine', 'Twinterman', 47),
(578, 'Gerry', 'Yeldham', 80),
(579, 'Norrie', 'O''Farrell', 7),
(580, 'Tabbi', 'Westley', 13),
(581, 'Brannon', 'Gain', 13),
(582, 'Gennie', 'Cornejo', 54),
(583, 'Norrie', 'Jeays', 58),
(584, 'Darby', 'McCarron', 17),
(585, 'Bren', 'Appleford', 43),
(586, 'Francesco', 'Padbury', 19),
(587, 'Shepperd', 'Mathieu', 35),
(588, 'Seline', 'Wheal', 39),
(589, 'Adel', 'Raunds', 31),
(590, 'Elwira', 'Abbott', 27),
(591, 'Lockwood', 'Franz-Schoninger', 72),
(592, 'Emmy', 'Biford', 69),
(593, 'Layton', 'Earey', 30),
(594, 'Rollins', 'Schieferstein', 23),
(595, 'Zorana', 'Klausen', 63),
(596, 'Horatia', 'Woollin', 39),
(597, 'Andee', 'Coverdale', 51),
(598, 'Karin', 'Dradey', 23),
(599, 'Michel', 'Thow', 41),
(600, 'Ethel', 'Jaggli', 55),
(601, 'Artair', 'Adolthine', 32),
(602, 'Laney', 'Crayke', 59),
(603, 'Claudia', 'Chupin', 79),
(604, 'Alleyn', 'Koenen', 25),
(605, 'Hernando', 'Gilliard', 13),
(606, 'Jerrold', 'Decayette', 75),
(607, 'Lambert', 'Peat', 44),
(608, 'Minetta', 'Beardsworth', 74),
(609, 'Chiquia', 'Greatbanks', 69),
(610, 'Vivyanne', 'Sharpley', 26),
(611, 'Barr', 'Androck', 28),
(612, 'Yul', 'Axworthy', 21),
(613, 'Clemens', 'Lipmann', 36),
(614, 'Homere', 'Moens', 32),
(615, 'Janean', 'Olorenshaw', 55),
(616, 'Elbertine', 'Spain', 71),
(617, 'Friedrich', 'Simonite', 80),
(618, 'Frank', 'Evequot', 76),
(619, 'Michel', 'Strangeways', 73),
(620, 'Denni', 'Seckington', 75),
(621, 'Fredericka', 'Schulze', 77),
(622, 'Oliver', 'Hiom', 30),
(623, 'Eartha', 'Corris', 52),
(624, 'Esdras', 'Enion', 43),
(625, 'Tyrone', 'Reimer', 60),
(626, 'Barbie', 'O''Sheerin', 43),
(627, 'Micaela', 'Edridge', 61),
(628, 'Wyn', 'Castilla', 74),
(629, 'Ozzy', 'Audibert', 34),
(630, 'Rene', 'Jiles', 28),
(631, 'Legra', 'McGeever', 78),
(632, 'Merralee', 'Jansky', 80),
(633, 'Andromache', 'Tappor', 58),
(634, 'Moselle', 'Du Fray', 57),
(635, 'Cherrita', 'Semorad', 32),
(636, 'Gilligan', 'Lain', 61),
(637, 'Kassey', 'Tregensoe', 38),
(638, 'Trisha', 'Gavin', 14),
(639, 'Caria', 'Northwood', 58),
(640, 'Valera', 'Dignall', 25),
(641, 'Yvette', 'Summerlie', 13),
(642, 'Gussi', 'Olenchenko', 28),
(643, 'Iorgo', 'Dinnage', 24),
(644, 'Davide', 'Powlett', 64),
(645, 'Barbette', 'Woodroff', 33),
(646, 'Andy', 'Garvin', 31),
(647, 'Horacio', 'Treadwell', 20),
(648, 'Shaun', 'Spendley', 53),
(649, 'Magdalena', 'Theml', 10),
(650, 'Geraldine', 'Easterfield', 37),
(651, 'Tracie', 'McDowell', 46),
(652, 'Avrom', 'Goade', 68),
(653, 'Tatiana', 'Jahan', 32),
(654, 'Cicely', 'Fleay', 28),
(655, 'Willie', 'Skellion', 30),
(656, 'Gustave', 'Dye', 54),
(657, 'Alic', 'Hammon', 34),
(658, 'Trude', 'Bogays', 70),
(659, 'Hyacinth', 'Collecott', 44),
(660, 'Alexis', 'Bovaird', 9),
(661, 'West', 'Klus', 55),
(662, 'Stefano', 'Danielut', 54),
(663, 'Maure', 'Cornill', 28),
(664, 'Florance', 'McKinlay', 72),
(665, 'Artemis', 'Rowan', 55),
(666, 'Reeva', 'Itzhaki', 22),
(667, 'Izzy', 'Yeo', 46),
(668, 'Belle', 'Dodshun', 48),
(669, 'Cassandre', 'Mangeot', 63),
(670, 'Skyler', 'Stidever', 26),
(671, 'Doroteya', 'Reape', 34),
(672, 'Eran', 'Dawney', 56),
(673, 'Loleta', 'Cantopher', 10),
(674, 'Chevalier', 'Faudrie', 9),
(675, 'Johnath', 'Elderton', 10),
(676, 'Annmarie', 'Hanrott', 75),
(677, 'Kerry', 'Renzo', 54),
(678, 'Mollie', 'Winterbotham', 51),
(679, 'Stevie', 'Le Brun', 63),
(680, 'Berni', 'Rabbitts', 6),
(681, 'Lynnea', 'Hawarden', 18),
(682, 'Herc', 'Rosso', 45),
(683, 'Justino', 'Richarson', 54),
(684, 'Ange', 'Feares', 37),
(685, 'Kathrine', 'Pembridge', 42),
(686, 'Forrest', 'Medwell', 14),
(687, 'Caroljean', 'Marzellano', 30),
(688, 'Abbie', 'Belchambers', 25),
(689, 'Rosabelle', 'Meron', 70),
(690, 'Nertie', 'Jordi', 39),
(691, 'Richmond', 'Bowes', 27),
(692, 'Antone', 'Spurman', 23),
(693, 'Chelsie', 'Rheubottom', 54),
(694, 'Ralph', 'Goligher', 18),
(695, 'Tom', 'Firebrace', 24),
(696, 'Thorndike', 'Carlesso', 52),
(697, 'Mason', 'Van Zon', 68),
(698, 'Margarette', 'Drayton', 43),
(699, 'Leupold', 'Beetles', 39),
(700, 'Cherilynn', 'Rae', 32),
(701, 'Bogey', 'Gohn', 13),
(702, 'Parry', 'Annable', 14),
(703, 'Lizzy', 'Matchett', 13),
(704, 'Wittie', 'Jantet', 36),
(705, 'Freeland', 'Elcy', 63),
(706, 'Beilul', 'Skirving', 15),
(707, 'Elwira', 'Doret', 61),
(708, 'Stu', 'Truitt', 63),
(709, 'Bennett', 'Midford', 77),
(710, 'Licha', 'Simonel', 55),
(711, 'Ram', 'Danieli', 80),
(712, 'Gwendolin', 'McReath', 74),
(713, 'Melonie', 'Adelberg', 72),
(714, 'Debra', 'Lowes', 69),
(715, 'Skyler', 'Yitzowitz', 50),
(716, 'Gery', 'Bellringer', 37),
(717, 'Tulley', 'Leversuch', 58),
(718, 'Gianna', 'Stroton', 75),
(719, 'Deborah', 'Kempton', 28),
(720, 'Manya', 'Chiswell', 35),
(721, 'Helen-elizabeth', 'Videneev', 26),
(722, 'Monroe', 'Kantor', 54),
(723, 'Cash', 'Scalia', 34),
(724, 'Ariella', 'Feitosa', 25),
(725, 'Blancha', 'Khidr', 11),
(726, 'Christoper', 'Niche', 70),
(727, 'Dalenna', 'Eastcott', 70),
(728, 'Kial', 'Featenby', 58),
(729, 'Florry', 'Fitzroy', 57),
(730, 'Adrianna', 'Dagnall', 47),
(731, 'Sasha', 'Molloy', 26),
(732, 'Agace', 'McIsaac', 62),
(733, 'Lethia', 'McQuie', 12),
(734, 'Bartholomeus', 'Starford', 18),
(735, 'Reg', 'Worsnap', 77),
(736, 'Cinda', 'Codi', 30),
(737, 'Averil', 'Gilchriest', 33),
(738, 'Elbert', 'Seven', 74),
(739, 'Shaylynn', 'Maunder', 25),
(740, 'Wanda', 'Waymont', 5),
(741, 'Carri', 'Dearlove', 66),
(742, 'Tremain', 'Rignold', 12),
(743, 'Lenette', 'Andrzejowski', 30),
(744, 'Judie', 'Batho', 41),
(745, 'Nikolas', 'Goroni', 32),
(746, 'Toinette', 'Wooland', 71),
(747, 'Avram', 'MacMechan', 76),
(748, 'Robbie', 'Pietri', 42),
(749, 'Booth', 'Sapauton', 14),
(750, 'Patrica', 'Benardet', 39),
(751, 'Liane', 'Demschke', 12),
(752, 'Darbie', 'Havers', 32),
(753, 'Hunter', 'Desbrow', 43),
(754, 'Fanchette', 'Dorant', 52),
(755, 'Florentia', 'Maeer', 54),
(756, 'Nathanil', 'Skains', 28),
(757, 'Vale', 'Guymer', 64),
(758, 'Edythe', 'Glamart', 53),
(759, 'Jacquelyn', 'Vowells', 14),
(760, 'Melisandra', 'Bonnesen', 60),
(761, 'Irena', 'Siderfin', 21),
(762, 'Ole', 'Dymoke', 80),
(763, 'Rutledge', 'Dickens', 21),
(764, 'Waring', 'Gavini', 77),
(765, 'Mechelle', 'Aspy', 16),
(766, 'Ardyth', 'Luckings', 72),
(767, 'Malchy', 'Ganiclef', 34),
(768, 'Thomas', 'Reoch', 33),
(769, 'Simeon', 'Tite', 42),
(770, 'Olav', 'Martusewicz', 8),
(771, 'Hannis', 'Duffrie', 10),
(772, 'Niles', 'Memmory', 49),
(773, 'Rhona', 'Shulver', 52),
(774, 'Latrena', 'Houson', 53),
(775, 'Genovera', 'Outibridge', 77),
(776, 'Raddie', 'Twigg', 12),
(777, 'Julina', 'Littleproud', 36),
(778, 'Mercie', 'Milesop', 34),
(779, 'Kriste', 'McColgan', 38),
(780, 'Gretta', 'Prandin', 34),
(781, 'Pebrook', 'Boother', 40),
(782, 'Gerri', 'Kretchmer', 55),
(783, 'Luke', 'Sein', 25),
(784, 'Tamiko', 'Wagstaffe', 54),
(785, 'Duffy', 'Nolton', 44),
(786, 'Alfonso', 'Pesterfield', 32),
(787, 'Clarice', 'MacKimmie', 47),
(788, 'Joscelin', 'Milkeham', 29),
(789, 'Maurita', 'Lightbown', 19),
(790, 'Byram', 'Ivashev', 43),
(791, 'Raimund', 'MacComiskey', 58),
(792, 'Winna', 'Arons', 60),
(793, 'Fanchon', 'Laugheran', 8),
(794, 'Karim', 'Bellee', 79),
(795, 'Vaughn', 'Ivanchikov', 19),
(796, 'Letizia', 'Ickovits', 75),
(797, 'Cole', 'Goodwell', 34),
(798, 'Vinni', 'Shires', 8),
(799, 'Chelsy', 'Morrott', 60),
(800, 'Lishe', 'Laneham', 74),
(801, 'Dede', 'Roderick', 28),
(802, 'Morissa', 'Stallion', 75),
(803, 'Rosalynd', 'Simoes', 7),
(804, 'Rebe', 'Trimme', 32),
(805, 'Andeee', 'Davenhill', 73),
(806, 'Tami', 'Scroyton', 51),
(807, 'Law', 'Zorzini', 78),
(808, 'Elnar', 'Handrek', 7),
(809, 'Vikki', 'Woodrooffe', 28),
(810, 'Sibylle', 'Colten', 78),
(811, 'Fanchette', 'Longlands', 27),
(812, 'Frazier', 'Harken', 51),
(813, 'Hatty', 'Tutchener', 28),
(814, 'Hillary', 'Bispham', 68),
(815, 'Talya', 'Grabham', 73),
(816, 'Geno', 'Haley', 76),
(817, 'Annnora', 'Chiverstone', 58),
(818, 'Lindy', 'Rawlcliffe', 21),
(819, 'Orsola', 'Hollyer', 5),
(820, 'Amerigo', 'Swift', 49),
(821, 'Agnese', 'Borgnet', 19),
(822, 'Rasla', 'Westmorland', 59),
(823, 'Ephrayim', 'Dell Casa', 47),
(824, 'Pacorro', 'Cottee', 18),
(825, 'Gayel', 'Roma', 5),
(826, 'Roze', 'Loghan', 45),
(827, 'Dore', 'Scaysbrook', 58),
(828, 'Reggy', 'Casini', 48),
(829, 'Mahmoud', 'Buesnel', 21),
(830, 'Myron', 'Dupre', 35),
(831, 'Franni', 'Wintringham', 27),
(832, 'Tallulah', 'Raffan', 78),
(833, 'Lonny', 'Elfleet', 50),
(834, 'Pam', 'Johann', 65),
(835, 'Sigrid', 'Angeau', 78),
(836, 'Goldi', 'Briiginshaw', 61),
(837, 'Chris', 'Crummy', 65),
(838, 'Dorri', 'Jandl', 70),
(839, 'Joyann', 'Ridolfi', 20),
(840, 'Ashely', 'Filchakov', 47),
(841, 'Rani', 'Wainwright', 45),
(842, 'Rayna', 'Lawful', 51),
(843, 'Piggy', 'Marke', 30),
(844, 'Marcus', 'Evered', 50),
(845, 'Dalia', 'Tritton', 53),
(846, 'Xerxes', 'Tousy', 24),
(847, 'Theodore', 'Measham', 12),
(848, 'Julietta', 'Nield', 37),
(849, 'Tessy', 'Polak', 23),
(850, 'Euell', 'Busswell', 50),
(851, 'Jada', 'Bausor', 20),
(852, 'Zebulon', 'Keynd', 50),
(853, 'Trixi', 'Grigorkin', 20),
(854, 'Washington', 'Esgate', 76),
(855, 'Jesse', 'Grolmann', 65),
(856, 'Guglielmo', 'Holdren', 54),
(857, 'Aldous', 'Hickeringill', 46),
(858, 'Diannne', 'Epps', 23),
(859, 'Bambi', 'Kempe', 54),
(860, 'Colene', 'Whenman', 25),
(861, 'Padgett', 'Bathersby', 33),
(862, 'Alley', 'Stichall', 52),
(863, 'Murdock', 'Wiggall', 64),
(864, 'Roddy', 'Janton', 18),
(865, 'Salvatore', 'Grane', 48),
(866, 'Bartlett', 'Sandal', 34),
(867, 'Ralph', 'Vasser', 76),
(868, 'Cinnamon', 'Seville', 49),
(869, 'Jillene', 'Barnsdale', 17),
(870, 'Hedi', 'Heis', 16),
(871, 'Major', 'Codrington', 10),
(872, 'Maggy', 'Shirland', 73),
(873, 'Alverta', 'Briggs', 68),
(874, 'Gayler', 'Webbe', 74),
(875, 'Julia', 'Groucutt', 59),
(876, 'Lynsey', 'Jenoure', 27),
(877, 'Gayle', 'Middlemiss', 73),
(878, 'Mickey', 'Castillon', 33),
(879, 'Kalina', 'Boustead', 74),
(880, 'Milzie', 'Phipp', 43),
(881, 'Lev', 'Gotcliffe', 80),
(882, 'Christyna', 'Libri', 46),
(883, 'Rozele', 'Dowse', 24),
(884, 'Rahal', 'Gisburn', 38),
(885, 'Coleman', 'Hatherall', 42),
(886, 'Timotheus', 'Golborne', 67),
(887, 'Philis', 'Kinze', 63),
(888, 'Ansel', 'Obeney', 80),
(889, 'Yuri', 'Gethins', 65),
(890, 'Milton', 'Orlton', 61),
(891, 'Myrilla', 'Hallatt', 9),
(892, 'Farlee', 'Wolfer', 46),
(893, 'Urban', 'Bumpass', 12),
(894, 'Zebedee', 'Czaple', 30),
(895, 'Daphne', 'Pettett', 69),
(896, 'Murvyn', 'Franzettoini', 55),
(897, 'Juliet', 'Provost', 38),
(898, 'Rand', 'Banks', 8),
(899, 'Anni', 'Perrot', 41),
(900, 'Marthena', 'Clulee', 68),
(901, 'Darda', 'Sutehall', 12),
(902, 'Lissa', 'Andrusov', 73),
(903, 'Pavel', 'Ahrenius', 79),
(904, 'Packston', 'Nodin', 66),
(905, 'Levi', 'Galliard', 55),
(906, 'Melita', 'Fetherstan', 55),
(907, 'Darla', 'Cochet', 79),
(908, 'Melly', 'Hasnip', 59),
(909, 'Linea', 'Strickland', 55),
(910, 'Bevan', 'Onslow', 34),
(911, 'Leonelle', 'Johnke', 35),
(912, 'Rudolph', 'Swinney', 37),
(913, 'Oralie', 'Lequeux', 36),
(914, 'Cob', 'Blazic', 56),
(915, 'Harrison', 'Davidman', 20),
(916, 'Dolly', 'Fenton', 72),
(917, 'Jacquenette', 'Purves', 60),
(918, 'Mariquilla', 'Quaif', 16),
(919, 'Gwynne', 'Theurer', 6),
(920, 'Worth', 'Corn', 60),
(921, 'Cybill', 'Gaskins', 48),
(922, 'Grantley', 'MacWhan', 36),
(923, 'Dorie', 'Bastian', 47),
(924, 'Spense', 'Bartolomeo', 49),
(925, 'Shepperd', 'Gemeau', 70),
(926, 'Jo ann', 'Vernau', 77),
(927, 'Marget', 'Hassekl', 54),
(928, 'Munroe', 'Lusted', 20),
(929, 'Dena', 'Threadgold', 74),
(930, 'Cyrillus', 'Outright', 68),
(931, 'Kathleen', 'Adamovich', 56),
(932, 'Lyndsie', 'Cristol', 18),
(933, 'Peadar', 'Jeffcock', 28),
(934, 'Sunny', 'Taye', 9),
(935, 'Maure', 'Saltmarsh', 44),
(936, 'Birgit', 'Clubley', 19),
(937, 'Lela', 'Jorgesen', 10),
(938, 'Tilda', 'Oldham', 32),
(939, 'Lorry', 'Youthed', 41),
(940, 'Tonya', 'Farres', 37),
(941, 'Juliet', 'Boken', 30),
(942, 'Eddi', 'Corryer', 31),
(943, 'Cathryn', 'Thicking', 57),
(944, 'Petronella', 'McEntee', 7),
(945, 'Roddy', 'Raftery', 14),
(946, 'Siobhan', 'Wedlake', 35),
(947, 'Max', 'Kew', 64),
(948, 'Madelyn', 'Livingston', 34),
(949, 'Harlen', 'Dorgon', 6),
(950, 'Jesse', 'Ollington', 75),
(951, 'Sibel', 'North', 55),
(952, 'Laurette', 'Wreakes', 16),
(953, 'Alberik', 'Medland', 68),
(954, 'Glyn', 'Burch', 54),
(955, 'Francyne', 'O''Hickee', 7),
(956, 'Nicole', 'Harrowsmith', 75),
(957, 'Mohammed', 'Leaver', 38),
(958, 'Rosabel', 'Beedham', 78),
(959, 'Jaimie', 'Plevey', 61),
(960, 'Aube', 'Calderbank', 8),
(961, 'Rosalind', 'Leport', 52),
(962, 'Tallulah', 'Keddy', 46),
(963, 'Sutherland', 'Niland', 41),
(964, 'Dasya', 'Piola', 75),
(965, 'Fiorenze', 'Muir', 31),
(966, 'Jonah', 'Kale', 33),
(967, 'Sigismund', 'Netley', 31),
(968, 'Krisha', 'Longea', 11),
(969, 'Calhoun', 'Edden', 40),
(970, 'Mikkel', 'Priestland', 57),
(971, 'Ritchie', 'Gillam', 41),
(972, 'Laryssa', 'Luquet', 6),
(973, 'Shandeigh', 'Curner', 41),
(974, 'Bridie', 'Giabuzzi', 49),
(975, 'Arin', 'Smallcombe', 31),
(976, 'Shermie', 'Banfill', 80),
(977, 'Curtice', 'Zuann', 16),
(978, 'Maggy', 'Rotherforth', 77),
(979, 'Guenevere', 'Isaq', 77),
(980, 'Bennie', 'Du Plantier', 73),
(981, 'Zacharias', 'Cominoli', 54),
(982, 'Tabbatha', 'Dawdry', 23),
(983, 'Alexa', 'Lomasny', 77),
(984, 'Warner', 'Erdely', 56),
(985, 'Hedda', 'Dentith', 48),
(986, 'Torry', 'Jindacek', 64),
(987, 'Law', 'Kondratyuk', 40),
(988, 'Brook', 'Mayhead', 58),
(989, 'Shandra', 'Kobpal', 79),
(990, 'Jsandye', 'Leavy', 77),
(991, 'Paulie', 'Hans', 53),
(992, 'Nicolle', 'Trodler', 16),
(993, 'Ogden', 'Lawerence', 62),
(994, 'Joannes', 'Towns', 13),
(995, 'Perren', 'McMurty', 79),
(996, 'Chucho', 'Axworthy', 66),
(997, 'Allyce', 'Machen', 76),
(998, 'Dorri', 'Trotton', 48),
(999, 'Adriano', 'Dilon', 78),
(1000, 'Ely', 'Feaster', 41);


insert into dbi.Item (id, name, currentPrice) values (1, 'Steamers White', 339.99),
(2, 'Vinegar - Sherry', 390.43),
(3, 'Beans - Kidney, Red Dry', 110.23),
(4, 'Wine - Segura Viudas Aria Brut', 386.39),
(5, 'Foil - Round Foil', 63.99),
(6, 'Oil - Olive Bertolli', 154.95),
(7, 'Arrowroot', 226.48),
(8, 'Greens Mustard', 302.15),
(9, 'Duck - Fat', 61.39),
(10, 'Juice - Clamato, 341 Ml', 81.01),
(11, 'Shrimp - Black Tiger 26/30', 249.08),
(12, 'Wine - Chianti Classico Riserva', 313.29),
(13, 'Myers Planters Punch', 205.85),
(14, 'Liquid Aminios Acid - Braggs', 165.62),
(15, 'Isomalt', 266.39),
(16, 'Tart Shells - Sweet, 2', 47.85),
(17, 'Nut - Walnut, Chopped', 157.34),
(18, 'Yoghurt Tubes', 412.22),
(19, 'Juice - Clamato, 341 Ml', 124.44),
(20, 'Potatoes - Yukon Gold 5 Oz', 448.07),
(21, 'Beef - Ox Tail, Frozen', 283.92),
(22, 'Potato - Sweet', 485.3),
(23, 'Bag Stand', 309.03),
(24, 'Chilli Paste, Hot Sambal Oelek', 68.53),
(25, 'Bread Base - Toscano', 90.74),
(26, 'Wine - Rosso Toscano Igt', 484.22),
(27, 'Catfish - Fillets', 50.47),
(28, 'Apples - Sliced / Wedge', 256.84),
(29, 'Bread - Calabrese Baguette', 325.53),
(30, 'Tea - Decaf Lipton', 386.37),
(31, 'Veal - Nuckle', 299.27),
(32, 'Tomatoes - Vine Ripe, Red', 426.5),
(33, 'Sauce - Apple, Unsweetened', 403.63),
(34, 'Lettuce - Frisee', 389.66),
(35, 'Cheese - Augre Des Champs', 288.04),
(36, 'Wine - Lamancha Do Crianza', 24.64),
(37, 'Cheese - Parmesan Cubes', 178.81),
(38, 'Corn - Mini', 379.27),
(39, 'Cabbage Roll', 242.6),
(40, 'Crush - Grape, 355 Ml', 148.52),
(41, 'Goat - Leg', 446.25),
(42, 'Sea Bass - Whole', 284.61),
(43, 'Pop Shoppe Cream Soda', 320.83),
(44, 'Stock - Chicken, White', 236.18),
(45, 'Flower - Carnations', 485.52),
(46, 'Foil - 4oz Custard Cup', 246.02),
(47, 'Instant Coffee', 222.02),
(48, 'Foil Cont Round', 4.18),
(49, 'Nut - Almond, Blanched, Whole', 248.73),
(50, 'Nantucket Orange Juice', 256.32),
(51, 'Bread - Dark Rye', 355.21),
(52, 'Carbonated Water - Blackcherry', 360.91),
(53, 'Squash - Guords', 345.62),
(54, 'Butcher Twine 4r', 384.79),
(55, 'Grapes - Red', 184.95),
(56, 'Pork - Kidney', 293.06),
(57, 'Radish - Black, Winter, Organic', 382.01),
(58, 'Sauce - Thousand Island', 78.11),
(59, 'Cake - Box Window 10x10x2.5', 139.76),
(60, 'Soupcontfoam16oz 116con', 11.63),
(61, 'Gelatine Leaves - Envelopes', 133.19),
(62, 'Cheese - Brie', 118.22),
(63, 'Tandoori Curry Paste', 416.13),
(64, 'Tuna - Canned, Flaked, Light', 306.43),
(65, 'Broom And Brush Rack Black', 422.48),
(66, 'Island Oasis - Cappucino Mix', 146.55),
(67, 'Cumin - Whole', 95.6),
(68, 'Island Oasis - Strawberry', 27.99),
(69, 'Crab - Back Fin Meat, Canned', 371.78),
(70, 'Coconut - Creamed, Pure', 174.52),
(71, 'Split Peas - Green, Dry', 183.76),
(72, 'Pur Value', 285.92),
(73, 'Lettuce - Curly Endive', 1.28),
(74, 'Bread - English Muffin', 220.15),
(75, 'Lamb Rack - Ontario', 362.38),
(76, 'Cookies - Fortune', 492.84),
(77, 'Octopus - Baby, Cleaned', 50.56),
(78, 'Olive - Spread Tapenade', 405.09),
(79, 'Soup - Campbells, Lentil', 114.89),
(80, 'Muffin Mix - Banana Nut', 101.59),
(81, 'Bar Mix - Lemon', 6.32),
(82, 'Tomato Puree', 157.75),
(83, 'Juice - Lemon', 430.87),
(84, 'Lid - 16 Oz And 32 Oz', 419.2),
(85, 'Higashimaru Usukuchi Soy', 30.82),
(86, 'Appetizer - Spring Roll, Veg', 456.06),
(87, 'Oil - Peanut', 103.03),
(88, 'Pasta - Cannelloni, Sheets, Fresh', 6.54),
(89, 'Garlic - Peeled', 171.8),
(90, 'Zucchini - Mini, Green', 365.15),
(91, 'Pie Box - Cello Window 2.5', 209.61),
(92, 'Juice - V8, Tomato', 7.96),
(93, 'Sorrel - Fresh', 392.36),
(94, 'Loquat', 165.32),
(95, 'Veal - Round, Eye Of', 287.13),
(96, 'Beef - Sushi Flat Iron Steak', 452.11),
(97, 'Sour Puss Raspberry', 358.91),
(98, 'Pail With Metal Handle 16l White', 150.27),
(99, 'Beef - Rib Eye Aaa', 386.16),
(100, 'Island Oasis - Ice Cream Mix', 276.12);
(101, 'Crackers - Soda / Saltins', 346.95),
(102, 'Wine - Red, Mouton Cadet', 5.75),
(103, 'Spinach - Baby', 8.87),
(104, 'Beef Striploin Aaa', 132.75),
(105, 'Flower - Leather Leaf Fern', 75.58),
(106, 'Rum - Cream, Amarula', 73.92),
(107, 'Mini - Vol Au Vents', 272.11),
(108, 'Roe - Flying Fish', 485.17),
(109, 'Juice - Happy Planet', 144.45),
(110, 'Lettuce - Boston Bib - Organic', 378.71),
(111, 'Sauce - Sesame Thai Dressing', 6.62),
(112, 'Parsnip', 80.98),
(113, 'Table Cloth 62x114 White', 145.28),
(114, 'Juice - Ocean Spray Cranberry', 321.54),
(115, 'Soup - Campbells, Spinach Crm', 426.93),
(116, 'Wine - Chianti Classico Riserva', 426.35),
(117, 'Beer - Fruli', 245.42),
(118, 'Pickerel - Fillets', 13.97),
(119, 'Shrimp - Black Tiger 6 - 8', 51.14),
(120, 'Longos - Lasagna Beef', 446.8),
(121, 'Pasta - Rotini, Colour, Dry', 489.16),
(122, 'Truffle Shells - White Chocolate', 323.18),
(123, 'Pepperoni Slices', 181.99),
(124, 'Bagelers', 319.6),
(125, 'Trout - Rainbow, Fresh', 13.45),
(126, 'Bar Mix - Lemon', 241.78),
(127, 'Beer - Upper Canada Lager', 104.94),
(128, 'Curry Paste - Green Masala', 252.99),
(129, 'Compound - Passion Fruit', 297.59),
(130, 'Beets', 451.0),
(131, 'Artichoke - Hearts, Canned', 24.93),
(132, 'Pheasants - Whole', 17.73),
(133, 'Gatorade - Orange', 51.11),
(134, 'Ecolab - Balanced Fusion', 237.74),
(135, 'Nectarines', 310.46),
(136, 'Cake - French Pear Tart', 404.45),
(137, 'Pasta - Elbows, Macaroni, Dry', 414.89),
(138, 'Puree - Guava', 28.4),
(139, 'Juice - Clamato, 341 Ml', 66.27),
(140, 'Pork - Back, Long Cut, Boneless', 184.01),
(141, 'Pepper - Cayenne', 181.21),
(142, 'The Pop Shoppe - Cream Soda', 393.09),
(143, 'Lettuce - Radicchio', 73.09),
(144, 'Bacardi Raspberry', 166.36),
(145, 'Cheese - Bocconcini', 12.22),
(146, 'Bread Fig And Almond', 204.27),
(147, 'Bagels Poppyseed', 469.59),
(148, 'Sugar - Palm', 315.18),
(149, 'Cheese - Mozzarella, Buffalo', 276.54),
(150, 'Tray - 12in Rnd Blk', 365.4),
(151, 'Pie Filling - Pumpkin', 132.49),
(152, 'Blue Curacao - Marie Brizard', 434.33),
(153, 'Table Cloth 62x120 White', 314.64),
(154, 'Napkin - Cocktail,beige 2 - Ply', 59.71),
(155, 'Wine - Two Oceans Cabernet', 294.24),
(156, 'Energy Drink - Redbull 355ml', 61.32),
(157, 'Juice - Grapefruit, 341 Ml', 45.18),
(158, 'Table Cloth 53x69 White', 319.83),
(159, 'Campari', 409.29),
(160, 'Cookie Dough - Oatmeal Rasin', 367.68),
(161, 'Mushrooms - Honey', 298.83),
(162, 'Sauce - Hollandaise', 295.83),
(163, 'Oxtail - Cut', 69.42),
(164, 'Fish - Base, Bouillion', 283.27),
(165, 'Pork - Back, Short Cut, Boneless', 433.77),
(166, 'Buffalo - Tenderloin', 436.74),
(167, 'Bag - Clear 7 Lb', 108.52),
(168, 'Skewers - Bamboo', 492.26),
(169, 'Marzipan 50/50', 7.61),
(170, 'Lemonade - Black Cherry, 591 Ml', 128.72),
(171, 'Kippers - Smoked', 199.93),
(172, 'Halibut - Whole, Fresh', 418.66),
(173, 'Cake Slab', 405.58),
(174, 'Cheese Cloth No 100', 45.98),
(175, 'Cookies - Englishbay Chochip', 251.59),
(176, 'Scallops - 20/30', 249.58),
(177, 'Cake - Bande Of Fruit', 149.8),
(178, 'Appetizer - Sausage Rolls', 178.81),
(179, 'Cilantro / Coriander - Fresh', 337.46),
(180, 'Beans - French', 295.48),
(181, 'Beef - Bones, Cut - Up', 221.78),
(182, 'Potatoes - Instant, Mashed', 18.35),
(183, 'Container - Clear 32 Oz', 91.21),
(184, 'Beef - Bresaola', 240.57),
(185, 'Cape Capensis - Fillet', 154.25),
(186, 'Emulsifier', 172.13),
(187, 'Mousse - Passion Fruit', 420.67),
(188, 'Veal - Sweetbread', 159.56),
(189, 'Wine - Vidal Icewine Magnotta', 325.49),
(190, 'Loaf Pan - 2 Lb, Foil', 214.99),
(191, 'Soup - Knorr, Country Bean', 174.82),
(192, 'Wine - Penfolds Koonuga Hill', 254.97),
(193, 'Pepsi - 600ml', 470.93),
(194, 'Wine - White, Riesling, Henry Of', 341.68),
(195, 'Wine - Balbach Riverside', 208.16),
(196, 'Juice - Orange, Concentrate', 440.6),
(197, 'Muffin Mix - Lemon Cranberry', 497.37),
(198, 'Lettuce - California Mix', 333.97),
(199, 'Bread - Sour Batard', 176.99),
(200, 'Wine - Jaboulet Cotes Du Rhone', 496.53),
(201, 'Tobasco Sauce', 196.7),
(202, 'Shrimp - Black Tiger 26/30', 239.81),
(203, 'Bread - Burger', 44.51),
(204, 'Apple - Delicious, Red', 87.35),
(205, 'Magnotta Bel Paese Red', 411.13),
(206, 'Red Snapper - Fillet, Skin On', 292.13),
(207, 'Sauce Bbq Smokey', 139.38),
(208, 'Godiva White Chocolate', 204.97),
(209, 'Cookies - Assorted', 383.71),
(210, 'Foil Cont Round', 363.8),
(211, 'Oil - Food, Lacquer Spray', 486.03),
(212, 'Ham - Cooked Italian', 164.26),
(213, 'Cauliflower', 296.53),
(214, 'Rice Paper', 166.11),
(215, 'Bar Bran Honey Nut', 175.03),
(216, 'Bread - Italian Corn Meal Poly', 86.17),
(217, 'Spice - Paprika', 322.96),
(218, 'Chicken - Whole Roasting', 373.95),
(219, 'Pasta - Elbows, Macaroni, Dry', 66.52),
(220, 'Lid - Translucent, 3.5 And 6 Oz', 1.29),
(221, 'Cheese - Comte', 219.5),
(222, 'Food Colouring - Green', 361.23),
(223, 'Bread Crumbs - Japanese Style', 55.79),
(224, 'Artichoke - Fresh', 181.04),
(225, 'Orange - Blood', 138.14),
(226, 'Cookie Trail Mix', 484.06),
(227, 'Evaporated Milk - Skim', 324.55),
(228, 'Coriander - Ground', 487.95),
(229, 'Cheese - Roquefort Pappillon', 468.83),
(230, 'Soup Campbells - Tomato Bisque', 475.13),
(231, 'Wine - Rosso Del Veronese Igt', 77.86),
(232, 'Hold Up Tool Storage Rack', 480.39),
(233, 'Beef Striploin Aaa', 303.43),
(234, 'Cup - 6oz, Foam', 456.22),
(235, 'Mace Ground', 25.19),
(236, 'Dasheen', 188.23),
(237, 'Wine - Sake', 411.65),
(238, 'Ice Cream - Chocolate', 277.19),
(239, 'Beef Wellington', 163.65),
(240, 'Cake - Mini Cheesecake', 83.51),
(241, 'Radish', 362.52),
(242, 'Bread - Kimel Stick Poly', 190.25),
(243, 'Shopper Bag - S - 4', 250.2),
(244, 'Radish', 428.43),
(245, 'Squeeze Bottle', 303.91),
(246, 'Cake - Dulce De Leche', 157.11),
(247, 'Pork - Inside', 167.52),
(248, 'Laundry - Bag Cloth', 289.59),
(249, 'Tilapia - Fillets', 259.4),
(250, 'Sprouts - China Rose', 45.11),
(251, 'Shrimp - Black Tiger 6 - 8', 91.07),
(252, 'Tomatoes - Diced, Canned', 285.77),
(253, 'Plasticforkblack', 230.97),
(254, 'Chicken - Livers', 405.86),
(255, 'Loaf Pan - 2 Lb, Foil', 159.39),
(256, 'Bread Base - Italian', 306.41),
(257, 'Cakes Assorted', 231.26),
(258, 'Latex Rubber Gloves Size 9', 190.15),
(259, 'Allspice - Jamaican', 68.42),
(260, 'Wine - Tio Pepe Sherry Fino', 206.02),
(261, 'Bouq All Italian - Primerba', 433.11),
(262, 'Ketchup - Tomato', 267.43),
(263, 'Lettuce - Escarole', 19.52),
(264, 'Puree - Strawberry', 244.98),
(265, 'Creme De Banane - Marie', 360.96),
(266, 'Cheese - Parmesan Cubes', 203.17),
(267, 'Broom - Angled', 493.66),
(268, 'Swiss Chard', 162.96),
(269, 'Potatoes - Fingerling 4 Oz', 223.92),
(270, 'Sparkling Wine - Rose, Freixenet', 194.51),
(271, 'Pasta - Penne, Lisce, Dry', 405.74),
(272, 'Sprouts - China Rose', 489.48),
(273, 'Myers Planters Punch', 374.22),
(274, 'Pasta - Agnolotti - Butternut', 54.38),
(275, 'Tuna - Loin', 447.86),
(276, 'Snapple Lemon Tea', 285.32),
(277, 'Parsley Italian - Fresh', 202.63),
(278, 'Pumpkin - Seed', 147.53),
(279, 'Juice - Orange, 341 Ml', 31.9),
(280, 'Apples - Spartan', 171.73),
(281, 'Cardamon Ground', 191.88),
(282, 'Ecolab Digiclean Mild Fm', 253.16),
(283, 'Wine - Red, Gamay Noir', 205.42),
(284, 'Beef - Top Butt Aaa', 322.98),
(285, 'Wine - Bourgogne 2002, La', 227.86),
(286, 'Lamb - Racks, Frenched', 104.19),
(287, 'Rice Wine - Aji Mirin', 153.86),
(288, 'Uniform Linen Charge', 354.44),
(289, 'Veal - Shank, Pieces', 316.29),
(290, 'Uniform Linen Charge', 18.6),
(291, 'Cleaner - Pine Sol', 406.05),
(292, 'Persimmons', 398.67),
(293, 'Crackers - Graham', 365.63),
(294, 'Grapes - Red', 420.87),
(295, 'Wine - Cave Springs Dry Riesling', 314.17),
(296, 'Taro Root', 45.69),
(297, 'Bacardi Limon', 407.18),
(298, 'Capon - Whole', 399.21),
(299, 'Pail With Metal Handle 16l White', 471.2),
(300, 'Chicken - Whole Fryers', 204.15),
(301, 'Rum - Mount Gay Eclipes', 284.6),
(302, 'Juice - Ocean Spray Cranberry', 340.79),
(303, 'Cucumber - English', 307.92),
(304, 'Bread - Corn Muffaleta Onion', 202.3),
(305, 'Myers Planters Punch', 368.22),
(306, 'Cookies - Englishbay Oatmeal', 27.72),
(307, 'Wine - Pinot Noir Latour', 456.96),
(308, 'Flower - Commercial Bronze', 209.44),
(309, 'Pickle - Dill', 135.76),
(310, 'Lentils - Green, Dry', 130.62),
(311, 'Chocolate - Sugar Free Semi Choc', 437.61),
(312, 'Corn Syrup', 392.81),
(313, 'Wine - Coteaux Du Tricastin Ac', 366.66),
(314, 'Propel Sport Drink', 36.28),
(315, 'Chicken - Tenderloin', 116.62),
(316, 'Papadam', 273.03),
(317, 'Snapple Lemon Tea', 122.54),
(318, 'Mahi Mahi', 262.48),
(319, 'Juice - Apple Cider', 234.32),
(320, 'Thermometer Digital', 246.63),
(321, 'Cheese - Provolone', 476.67),
(322, 'Nescafe - Frothy French Vanilla', 208.07),
(323, 'Mangoes', 289.98),
(324, 'Sauce - Demi Glace', 408.04),
(325, 'Gatorade - Cool Blue Raspberry', 49.78),
(326, 'Bread - Olive Dinner Roll', 183.17),
(327, 'Wine - Red, Marechal Foch', 243.17),
(328, 'Mousse - Passion Fruit', 229.83),
(329, 'Bay Leaf', 73.57),
(330, 'Bread - Onion Focaccia', 56.55),
(331, 'Grapes - Green', 490.1),
(332, 'Orange - Tangerine', 242.43),
(333, 'Wine - Chablis 2003 Champs', 243.21),
(334, 'Towel Multifold', 450.47),
(335, 'Cheese - Mix', 369.0),
(336, 'Squash - Sunburst', 4.15),
(337, 'Nut - Pumpkin Seeds', 403.32),
(338, 'Apricots - Halves', 133.77),
(339, 'Soup - Campbells Tomato Ravioli', 270.54),
(340, 'Sherbet - Raspberry', 71.03),
(341, 'Kiwano', 422.06),
(342, 'Wine - White, French Cross', 209.26),
(343, 'Sea Bass - Fillets', 411.34),
(344, 'Bread - Raisin', 300.53),
(345, 'Bread - Multigrain Oval', 445.08),
(346, 'Crab - Claws, 26 - 30', 280.63),
(347, 'Fennel - Seeds', 300.3),
(348, 'Lettuce - Lolla Rosa', 222.26),
(349, 'Bols Melon Liqueur', 293.09),
(350, 'Napkin Colour', 286.75),
(351, 'Sobe - Berry Energy', 236.17),
(352, 'Flour - Teff', 248.28),
(353, 'Napkin - Cocktail,beige 2 - Ply', 42.86),
(354, 'Red Snapper - Fillet, Skin On', 146.36),
(355, 'Pasta - Fusili Tri - Coloured', 220.61),
(356, 'Chicken - Whole Roasting', 418.94),
(357, 'Miso Paste White', 393.66),
(358, 'Tuna - Yellowfin', 320.39),
(359, 'Scallop - St. Jaques', 313.98),
(360, 'Pike - Frozen Fillet', 365.99),
(361, 'Coffee - Egg Nog Capuccino', 5.91),
(362, 'Wonton Wrappers', 450.9),
(363, 'Wine - Zinfandel Rosenblum', 104.89),
(364, 'Milkettes - 2%', 308.78),
(365, 'Chicken - Leg, Fresh', 280.73),
(366, 'Pork - Loin, Bone - In', 453.93),
(367, 'Pop - Club Soda Can', 244.83),
(368, 'Corn - Cream, Canned', 489.99),
(369, 'Cake - Dulce De Leche', 52.02),
(370, 'Sauce - Alfredo', 338.18),
(371, 'Oil - Peanut', 124.9),
(372, 'Chevril', 42.27),
(373, 'Pork - Shoulder', 285.18),
(374, 'Bread Base - Gold Formel', 324.51),
(375, 'Cheese Cloth', 479.1),
(376, 'Butter - Salted', 122.71),
(377, 'Beef - Eye Of Round', 68.11),
(378, 'Wine - Magnotta - Belpaese', 286.38),
(379, 'Potatoes - Idaho 100 Count', 196.28),
(380, 'Veal - Inside', 305.11),
(381, 'Tilapia - Fillets', 167.52),
(382, 'Foam Dinner Plate', 360.83),
(383, 'Compound - Pear', 460.83),
(384, 'Cake Sheet Combo Party Pack', 469.73),
(385, 'Bagel - 12 Grain Preslice', 460.73),
(386, 'Beef - Outside, Round', 223.03),
(387, 'Sugar Thermometer', 43.26),
(388, 'Banana - Leaves', 401.28),
(389, 'Chef Hat 20cm', 175.19),
(390, 'Wine - Red, Cooking', 183.79),
(391, 'Pork - Belly Fresh', 118.95),
(392, 'Pasta - Fettuccine, Egg, Fresh', 210.75),
(393, 'Garbage Bags - Black', 53.04),
(394, 'Oil - Cooking Spray', 165.92),
(395, 'Beef - Roasted, Cooked', 216.37),
(396, 'Coffee - 10oz Cup 92961', 213.64),
(397, 'Pepper - Cubanelle', 264.24),
(398, 'Spring Roll Wrappers', 211.12),
(399, 'Sole - Fillet', 111.44),
(400, 'Pepper - Roasted Red', 61.36),
(401, 'Juice - Ocean Spray Cranberry', 435.67),
(402, 'Pepper - Red Thai', 468.96),
(403, 'Wine - Prem Select Charddonany', 248.27),
(404, 'Parasol Pick Stir Stick', 134.37),
(405, 'Beer - Maudite', 413.69),
(406, 'Chips Potato Reg 43g', 269.88),
(407, 'Limes', 258.07),
(408, 'Sauce - Cranberry', 332.32),
(409, 'Ice Cream - Vanilla', 339.55),
(410, 'Pomello', 15.16),
(411, 'Pork - Shoulder', 360.63),
(412, 'Wine - Magnotta - Belpaese', 76.68),
(413, 'Cake - French Pear Tart', 26.19),
(414, 'Lady Fingers', 319.18),
(415, 'Coffee Cup 8oz 5338cd', 443.09),
(416, 'Wine - Red, Gamay Noir', 289.34),
(417, 'Sprouts - China Rose', 357.29),
(418, 'Pop - Club Soda Can', 456.43),
(419, 'Wine - Chablis 2003 Champs', 20.84),
(420, 'Tomatoes - Roma', 208.15),
(421, 'Cream - 18%', 89.07),
(422, 'Calaloo', 475.58),
(423, 'Beef - Chuck, Boneless', 196.08),
(424, 'Ecolab Crystal Fusion', 228.0),
(425, 'Cheese - Brick With Onion', 478.92),
(426, 'Chickensplit Half', 118.51),
(427, 'Cake - Sheet Strawberry', 28.64),
(428, 'Pastry - Baked Scones - Mini', 94.65),
(429, 'Cheese - St. Andre', 337.66),
(430, 'Coffee - Irish Cream', 362.97),
(431, 'Wine - Chateau Bonnet', 418.31),
(432, 'Corn Meal', 235.04),
(433, 'Asparagus - Green, Fresh', 154.91),
(434, 'Godiva White Chocolate', 441.1),
(435, 'Huck Towels White', 138.02),
(436, 'Cheese - Brick With Pepper', 101.67),
(437, 'Pork - Hock And Feet Attached', 253.02),
(438, 'Juice - Orange, 341 Ml', 47.1),
(439, 'Pasta - Cheese / Spinach Bauletti', 464.18),
(440, 'Lettuce - Lolla Rosa', 400.01),
(441, 'Pasta - Fett Alfredo, Single Serve', 319.15),
(442, 'Table Cloth 62x120 White', 476.85),
(443, 'Muffin Mix - Morning Glory', 242.78),
(444, 'Hold Up Tool Storage Rack', 137.08),
(445, 'Chef Hat 25cm', 338.56),
(446, 'Milkettes - 2%', 310.15),
(447, 'Cheese - Brie, Triple Creme', 431.73),
(448, 'Mcguinness - Blue Curacao', 90.81),
(449, 'Wine - Delicato Merlot', 176.02),
(450, 'Chinese Foods - Plain Fried Rice', 445.75),
(451, 'Wine - Sherry Dry Sack, William', 58.95),
(452, 'Lime Cordial - Roses', 53.0),
(453, 'Cheese - Provolone', 220.6),
(454, 'Beef Flat Iron Steak', 15.53),
(455, 'Carbonated Water - Orange', 203.41),
(456, 'Pasta - Cappellini, Dry', 375.68),
(457, 'Juice - Pineapple, 48 Oz', 312.8),
(458, 'Tart Shells - Sweet, 2', 12.97),
(459, 'Hersey Shakes', 432.28),
(460, 'Trueblue - Blueberry 12x473ml', 56.41),
(461, 'Bread - Pullman, Sliced', 284.06),
(462, 'Tobasco Sauce', 435.79),
(463, 'Sugar Thermometer', 1.64),
(464, 'Quail Eggs - Canned', 332.23),
(465, 'Trueblue - Blueberry 12x473ml', 172.51),
(466, 'Milkettes - 2%', 46.98),
(467, 'Cheese - Cheddar, Medium', 280.34),
(468, 'Longos - Grilled Salmon With Bbq', 9.69),
(469, 'Sping Loaded Cup Dispenser', 448.24),
(470, 'Potatoes - Parissienne', 106.39),
(471, 'Water - Spring Water 500ml', 458.89),
(472, 'Cheese - Fontina', 197.36),
(473, 'Lettuce - Red Leaf', 393.5),
(474, 'Soup - Campbells Mushroom', 112.37),
(475, 'Appetizer - Asian Shrimp Roll', 137.37),
(476, 'Placemat - Scallop, White', 111.83),
(477, 'Chicken - Base', 407.33),
(478, 'Pepsi - 600ml', 122.81),
(479, 'Oil - Sesame', 383.92),
(480, 'Coffee - Irish Cream', 460.12),
(481, 'Water Chestnut - Canned', 164.26),
(482, 'Soup - Cream Of Broccoli', 104.48),
(483, 'Cake - Cheese Cake 9 Inch', 337.03),
(484, 'Muffin - Banana Nut Individual', 124.06),
(485, 'Bar Mix - Lime', 273.52),
(486, 'Bread - Sticks, Thin, Plain', 490.06),
(487, 'Maintenance Removal Charge', 444.46),
(488, 'Extract - Rum', 442.67),
(489, 'Muffin Mix - Chocolate Chip', 280.19),
(490, 'Wine - White, Mosel Gold', 72.12),
(491, 'Energy Drink - Redbull 355ml', 385.4),
(492, 'Radish - Black, Winter, Organic', 205.59),
(493, 'Pasta - Penne, Lisce, Dry', 244.88),
(494, 'Soup - Campbells Beef Stew', 300.72),
(495, 'Cheese - Shred Cheddar / Mozza', 17.29),
(496, 'Venison - Liver', 306.3),
(497, 'Soup - French Onion', 89.76),
(498, 'Knife Plastic - White', 284.7),
(499, 'Cheese - Mascarpone', 339.15),
(500, 'Pickle - Dill', 67.9),
(501, 'Pasta - Fusili Tri - Coloured', 207.08),
(502, 'Wine - Magnotta - Pinot Gris Sr', 363.78),
(503, 'Wine - Prosecco Valdobienne', 238.25),
(504, 'Sauce - Soya, Dark', 354.11),
(505, 'Steam Pan - Half Size Deep', 259.84),
(506, 'Bulgar', 70.94),
(507, 'Capers - Pickled', 75.85),
(508, 'Pepper - Green', 323.02),
(509, 'Pea - Snow', 189.87),
(510, 'Nantucket - Kiwi Berry Cktl.', 40.76),
(511, 'Smirnoff Green Apple Twist', 450.2),
(512, 'Chocolate - Milk Coating', 332.11),
(513, 'Seedlings - Mix, Organic', 277.1),
(514, 'Filter - Coffee', 2.49),
(515, 'Beef - Striploin Aa', 252.57),
(516, 'Water Chestnut - Canned', 385.91),
(517, 'Lettuce - Romaine', 167.52),
(518, 'Broom - Angled', 309.64),
(519, 'Taro Leaves', 57.98),
(520, 'Garbage Bags - Clear', 163.91),
(521, 'Cognac - Courvaisier', 227.68),
(522, 'Calypso - Lemonade', 171.4),
(523, 'Pie Shells 10', 270.86),
(524, 'Chocolate - Dark', 118.53),
(525, 'Mushroom - Crimini', 374.24),
(526, 'Island Oasis - Peach Daiquiri', 248.43),
(527, 'Clam - Cherrystone', 231.8),
(528, 'Energy - Boo - Koo', 82.8),
(529, 'Onions - Pearl', 37.73),
(530, 'Hinge W Undercut', 447.31),
(531, 'Wine - Beringer Founders Estate', 409.24),
(532, 'Beer - Muskoka Cream Ale', 355.71),
(533, 'Cheese - Brie, Triple Creme', 420.03),
(534, 'Wine - Wyndham Estate Bin 777', 286.16),
(535, 'Table Cloth 53x53 White', 2.35),
(536, 'Orange - Canned, Mandarin', 3.5),
(537, 'Sour Cream', 320.91),
(538, 'Beer - Camerons Auburn', 497.68),
(539, 'Gin - Gilbeys London, Dry', 352.02),
(540, 'Tea - Jasmin Green', 117.54),
(541, 'Rosemary - Dry', 150.52),
(542, 'Yoplait - Strawbrasp Peac', 176.7),
(543, 'Oil - Shortening,liqud, Fry', 185.9),
(544, 'Juice - Orange, 341 Ml', 369.44),
(545, 'Wine - White, Concha Y Toro', 3.81),
(546, 'Mushroom - Trumpet, Dry', 261.01),
(547, 'Extract - Raspberry', 136.71),
(548, 'Wine - Charddonnay Errazuriz', 230.07),
(549, 'Sugar - Cubes', 352.62),
(550, 'Olives - Green, Pitted', 33.65),
(551, 'Tart Shells - Sweet, 3', 409.56),
(552, 'Turnip - Wax', 125.84),
(553, 'Quiche Assorted', 392.02),
(554, 'Flour - Semolina', 3.35),
(555, 'C - Plus, Orange', 416.88),
(556, 'Spice - Montreal Steak Spice', 74.35),
(557, 'Napkin White - Starched', 328.0),
(558, 'Bread - Raisin', 397.66),
(559, 'Butter Sweet', 332.54),
(560, 'Longos - Chicken Wings', 40.24),
(561, 'Split Peas - Yellow, Dry', 389.35),
(562, 'Blueberries', 76.72),
(563, 'Lidsoupcont Rp12dn', 100.51),
(564, 'Limes', 32.07),
(565, 'Carbonated Water - Lemon Lime', 131.78),
(566, 'Flower - Commercial Spider', 295.55),
(567, 'Butter - Unsalted', 1.73),
(568, 'Grapefruit - Pink', 12.59),
(569, 'Pasta - Tortellini, Fresh', 67.09),
(570, 'Artichoke - Hearts, Canned', 90.57),
(571, 'Pasta - Penne, Rigate, Dry', 238.59),
(572, 'Beans - Fava Fresh', 254.27),
(573, 'Cake - Lemon Chiffon', 459.61),
(574, 'Tea - Green', 428.35),
(575, 'Oil - Grapeseed Oil', 102.86),
(576, 'Sambuca - Opal Nera', 453.62),
(577, 'Jack Daniels', 418.36),
(578, 'Tomatoes - Yellow Hot House', 358.65),
(579, 'Tea - Camomele', 272.22),
(580, 'Olive - Spread Tapenade', 181.96),
(581, 'Ham - Smoked, Bone - In', 191.31),
(582, 'Pork - Smoked Back Bacon', 105.93),
(583, 'Juice - Ocean Spray Kiwi', 89.32),
(584, 'Soupfoamcont12oz 112con', 285.9),
(585, 'Sole - Iqf', 450.95),
(586, 'Brandy Apricot', 240.62),
(587, 'Bread - Sticks, Thin, Plain', 118.31),
(588, 'Beans - Green', 249.86),
(589, 'Flower - Potmums', 229.73),
(590, 'Ice Cream - Vanilla', 372.48),
(591, 'Beef - Ox Tongue', 52.86),
(592, 'Grenadine', 331.5),
(593, 'Pastry - Carrot Muffin - Mini', 264.96),
(594, 'Muffin Hinge 117n', 34.15),
(595, 'Cheese - Manchego, Spanish', 408.59),
(596, 'Wine - Casillero Del Diablo', 384.59),
(597, 'Wine - Niagara Peninsula Vqa', 163.13),
(598, 'Beef - Ground Medium', 249.95),
(599, 'Juice - Orange', 86.34),
(600, 'Mushroom - Morels, Dry', 168.36),
(601, 'Sardines', 383.3),
(602, 'Soup - Campbells Beef Strogonoff', 377.78),
(603, 'Kellogs Raisan Bran Bars', 229.32),
(604, 'Squid - U - 10 Thailand', 494.02),
(605, 'Beef - Ground Medium', 321.95),
(606, 'Ham - Cooked Bayonne Tinned', 129.84),
(607, 'Pails With Lids', 201.43),
(608, 'Stock - Chicken, White', 366.68),
(609, 'Apple - Delicious, Red', 333.48),
(610, 'Chicken - Ground', 4.07),
(611, 'Flour - Strong', 151.67),
(612, 'Shrimp - 31/40', 473.63),
(613, 'Mustard - Individual Pkg', 240.81),
(614, 'Soup - Verve - Chipotle Chicken', 93.33),
(615, 'Wine - White, Schroder And Schyl', 349.11),
(616, 'Wine - Niagara Peninsula Vqa', 192.8),
(617, 'Truffle Cups - White Paper', 100.06),
(618, 'Pate - Peppercorn', 26.48),
(619, 'Ice Cream Bar - Hageen Daz To', 342.26),
(620, 'Pastry - Apple Large', 452.19),
(621, 'Bread - Frozen Basket Variety', 120.66),
(622, 'Energy Drink Bawls', 242.21),
(623, 'Soup - Knorr, Ministrone', 292.28),
(624, 'Grand Marnier', 355.15),
(625, 'Foil - Round Foil', 308.61),
(626, 'Macaroons - Two Bite Choc', 406.05),
(627, 'Cookie Choc', 255.54),
(628, 'Pasta - Linguini, Dry', 45.95),
(629, 'Jam - Blackberry, 20 Ml Jar', 294.82),
(630, 'Straws - Cocktale', 118.27),
(631, 'Sweet Pea Sprouts', 283.84),
(632, 'Mustard - Seed', 224.33),
(633, 'Juice - Lemon', 325.78),
(634, 'Garlic', 161.86),
(635, 'Jolt Cola', 295.17),
(636, 'Icecream - Dibs', 406.05),
(637, 'Veal - Bones', 137.9),
(638, 'Mcguinness - Blue Curacao', 419.38),
(639, 'Nantucket Apple Juice', 235.11),
(640, 'Container Clear 8 Oz', 400.64),
(641, 'Muffin Batt - Choc Chk', 215.23),
(642, 'Appetizer - Spring Roll, Veg', 256.32),
(643, 'Cheese - Boursin, Garlic / Herbs', 252.24),
(644, 'Wine - White, French Cross', 452.74),
(645, 'Straws - Cocktale', 317.96),
(646, 'Cabbage Roll', 446.38),
(647, 'Paper Cocktail Umberlla 80 - 180', 138.99),
(648, 'Blackberries', 77.35),
(649, 'Dates', 195.49),
(650, 'Cheese - Colby', 341.5),
(651, 'Star Fruit', 400.14),
(652, 'Galliano', 188.28),
(653, 'Bread - Rosemary Focaccia', 134.21),
(654, 'Parsley - Fresh', 407.65),
(655, 'Scallops - 10/20', 429.19),
(656, 'Bag - Clear 7 Lb', 450.61),
(657, 'Fish - Bones', 122.14),
(658, 'Turnip - Mini', 139.43),
(659, 'Lemonade - Mandarin, 591 Ml', 380.1),
(660, 'Duck - Fat', 13.7),
(661, 'Soup Campbells - Tomato Bisque', 227.0),
(662, 'Lemon Pepper', 24.85),
(663, 'Pepsi - Diet, 355 Ml', 347.11),
(664, 'Dish Towel', 5.36),
(665, 'Tea - Camomele', 260.93),
(666, 'Muffin Hinge - 211n', 189.94),
(667, 'Skirt - 24 Foot', 305.79),
(668, 'Ecolab Silver Fusion', 221.16),
(669, 'Puree - Pear', 346.41),
(670, 'Lamb - Shoulder', 315.78),
(671, 'Wooden Mop Handle', 488.66),
(672, 'Sobe - Tropical Energy', 38.44),
(673, 'Pork - Kidney', 462.47),
(674, 'Muffin Orange Individual', 288.09),
(675, 'Mix - Cocktail Ice Cream', 68.0),
(676, 'Glove - Cutting', 23.34),
(677, 'Fennel', 454.15),
(678, 'Squash - Acorn', 214.84),
(679, 'Bread - Bagels, Plain', 159.81),
(680, 'Onions - Red Pearl', 160.39),
(681, 'Lettuce - Romaine', 16.63),
(682, 'Bacardi Breezer - Strawberry', 412.95),
(683, 'Cheese - Cambozola', 214.02),
(684, 'Bar Mix - Lemon', 206.25),
(685, 'Mudslide', 134.62),
(686, 'Glass Clear 7 Oz Xl', 172.45),
(687, 'Pastry - French Mini Assorted', 337.18),
(688, 'Cherries - Maraschino,jar', 121.41),
(689, 'Chicken - Whole Fryers', 316.33),
(690, 'Wine - Kwv Chenin Blanc South', 285.29),
(691, 'Bagel - Sesame Seed Presliced', 168.52),
(692, 'Jello - Assorted', 178.13),
(693, 'Mustard - Seed', 313.85),
(694, 'Sour Puss Raspberry', 104.61),
(695, 'Irish Cream - Butterscotch', 130.04),
(696, 'Sprouts - Bean', 207.06),
(697, 'Cilantro / Coriander - Fresh', 47.67),
(698, 'Beef Striploin Aaa', 1.59),
(699, 'Uniform Linen Charge', 295.11),
(700, 'Jam - Apricot', 386.54),
(701, 'Container - Foam Dixie 12 Oz', 361.68),
(702, 'Chocolate - Feathers', 87.06),
(703, 'Soup Campbells Turkey Veg.', 318.61),
(704, 'Beef - Tongue, Fresh', 252.35),
(705, 'Wine - Red, Metus Rose', 220.42),
(706, 'Sage Ground Wiberg', 162.12),
(707, 'Pork - Butt, Boneless', 56.2),
(708, 'Truffle Cups - White Paper', 37.98),
(709, 'Mushroom - Chantrelle, Fresh', 92.73),
(710, 'Soup - Cream Of Broccoli', 341.83),
(711, 'Pears - Bosc', 459.21),
(712, 'Wine - Harrow Estates, Vidal', 230.15),
(713, 'Wheat - Soft Kernal Of Wheat', 376.36),
(714, 'Wine - Red, Antinori Santa', 126.85),
(715, 'Lobak', 182.58),
(716, 'Coffee - Decaffeinato Coffee', 186.24),
(717, 'Calvados - Boulard', 147.32),
(718, 'Beef - Prime Rib Aaa', 441.83),
(719, 'Coffee - Decaffeinato Coffee', 389.14),
(720, 'Thyme - Fresh', 122.02),
(721, 'Cookies Oatmeal Raisin', 322.67),
(722, 'Pasta - Tortellini, Fresh', 342.96),
(723, 'Pepper - Green', 238.63),
(724, 'Basil - Primerba, Paste', 67.38),
(725, 'Buttons', 498.08),
(726, 'Sponge Cake Mix - Vanilla', 346.56),
(727, 'Energy Drink Red Bull', 148.92),
(728, 'Turkey - Breast, Bone - In', 483.28),
(729, 'Swordfish Loin Portions', 315.98),
(730, 'Appetizer - Asian Shrimp Roll', 481.48),
(731, 'Guinea Fowl', 331.32),
(732, 'Soupfoamcont12oz 112con', 415.94),
(733, 'Water, Tap', 93.47),
(734, 'Yoplait - Strawbrasp Peac', 164.76),
(735, 'Wine - Valpolicella Masi', 209.11),
(736, 'Pepper - Black, Whole', 105.17),
(737, 'Veal - Insides Provini', 320.45),
(738, 'Gloves - Goldtouch Disposable', 67.14),
(739, 'Star Fruit', 138.82),
(740, 'Pastry - Chocolate Chip Muffin', 391.01),
(741, 'Beef - Ox Tail, Frozen', 186.69),
(742, 'Steampan Lid', 37.02),
(743, 'Tea Leaves - Oolong', 180.89),
(744, 'Rice - Aborio', 492.63),
(745, 'Watercress', 322.66),
(746, 'Soup - Campbells, Creamy', 445.92),
(747, 'Straw - Regular', 363.33),
(748, 'Table Cloth 53x53 White', 75.95),
(749, 'Phyllo Dough', 237.82),
(750, 'Turkey Tenderloin Frozen', 355.85),
(751, 'Veal - Brisket, Provimi, Bone - In', 194.99),
(752, 'Cardamon Ground', 484.36),
(753, 'Broom Handle', 29.38),
(754, 'Bread Sour Rolls', 210.04),
(755, 'Beef - Short Ribs', 248.18),
(756, 'Beans - Fine', 331.05),
(757, 'Mousse - Banana Chocolate', 468.38),
(758, 'Water - Spring 1.5lit', 372.24),
(759, 'Steampan - Half Size Shallow', 86.35),
(760, 'Tomato - Tricolor Cherry', 184.32),
(761, 'Wine - Jackson Triggs Okonagan', 67.17),
(762, 'Beer - Camerons Cream Ale', 294.58),
(763, 'Lotus Rootlets - Canned', 451.59),
(764, 'Sour Puss - Tangerine', 391.17),
(765, 'Lemonade - Mandarin, 591 Ml', 435.57),
(766, 'Apples - Spartan', 237.39),
(767, 'Muffin - Banana Nut Individual', 356.74),
(768, 'Browning Caramel Glace', 74.97),
(769, 'Bread Bowl Plain', 230.92),
(770, 'Avocado', 52.05),
(771, 'Wine - Magnotta, White', 91.41),
(772, 'Nut - Pumpkin Seeds', 40.68),
(773, 'Nut - Pecan, Pieces', 206.86),
(774, 'Nut - Pecan, Pieces', 277.97),
(775, 'Ham Black Forest', 334.69),
(776, 'Wine - Peller Estates Late', 244.16),
(777, 'Cleaner - Pine Sol', 169.99),
(778, 'Smoked Tongue', 18.99),
(779, 'Tea - Green', 337.66),
(780, 'Soup Campbells Beef With Veg', 338.0),
(781, 'Carbonated Water - Cherry', 353.43),
(782, 'Pork - Loin, Boneless', 335.81),
(783, 'Muffin Orange Individual', 116.39),
(784, 'Doilies - 5, Paper', 11.08),
(785, 'The Pop Shoppe - Root Beer', 438.96),
(786, 'Veal - Brisket, Provimi, Bone - In', 460.93),
(787, 'Nut - Chestnuts, Whole', 42.33),
(788, 'Puree - Guava', 15.09),
(789, 'Table Cloth 90x90 White', 252.39),
(790, 'Eggplant - Baby', 137.32),
(791, 'Bread - Pumpernickel', 207.58),
(792, 'Fish - Scallops, Cold Smoked', 6.3),
(793, 'Tumeric', 275.76),
(794, 'Dried Peach', 63.6),
(795, 'Apples - Sliced / Wedge', 214.99),
(796, 'Veal - Brisket, Provimi, Bone - In', 349.36),
(797, 'Wine - Savigny - Les - Beaune', 24.62),
(798, 'Capers - Pickled', 101.09),
(799, 'Lotus Leaves', 267.26),
(800, 'Chicken - Soup Base', 471.44),
(801, 'Cabbage - Red', 479.04),
(802, 'Energy Drink Red Bull', 29.16),
(803, 'Muffins - Assorted', 415.11),
(804, 'White Baguette', 153.14),
(805, 'Table Cloth 120 Round White', 284.31),
(806, 'Pike - Frozen Fillet', 220.44),
(807, 'Ecolab - Orange Frc, Cleaner', 490.59),
(808, 'Blouse / Shirt / Sweater', 92.36),
(809, 'Sauce - Vodka Blush', 210.65),
(810, 'Capon - Breast, Double, Wing On', 149.18),
(811, 'Corn - Mini', 65.87),
(812, 'Petite Baguette', 361.92),
(813, 'Sobe - Cranberry Grapefruit', 154.36),
(814, 'Dawn Professionl Pot And Pan', 387.72),
(815, 'Latex Rubber Gloves Size 9', 315.46),
(816, 'Wine - Barossa Valley Estate', 279.75),
(817, 'Potatoes - Yukon Gold, 80 Ct', 478.19),
(818, 'Pickerel - Fillets', 14.3),
(819, 'Mix - Cocktail Strawberry Daiquiri', 190.08),
(820, 'Pail - 15l White, With Handle', 162.84),
(821, 'Bagel - Whole White Sesame', 239.34),
(822, 'Shichimi Togarashi Peppeers', 119.79),
(823, 'Coffee Caramel Biscotti', 493.73),
(824, 'Foil - 4oz Custard Cup', 232.47),
(825, 'Almonds Ground Blanched', 385.31),
(826, 'Duck - Breast', 301.6),
(827, 'Bread - Mini Hamburger Bun', 310.13),
(828, 'Beef Wellington', 105.73),
(829, 'Sour Cream', 96.09),
(830, 'Extract - Vanilla,artificial', 123.96),
(831, 'Ocean Spray - Ruby Red', 212.63),
(832, 'Energy Drink', 79.66),
(833, 'Beer - Muskoka Cream Ale', 159.1),
(834, 'Asparagus - White, Fresh', 29.02),
(835, 'Versatainer Nc - 9388', 315.3),
(836, 'Ice Cream - Life Savers', 366.26),
(837, 'Soup - French Onion', 166.49),
(838, 'Cheese - Montery Jack', 2.95),
(839, 'Pork - Sausage Casing', 491.51),
(840, 'Sugar - Sweet N Low, Individual', 241.58),
(841, 'Steampan - Lid For Half Size', 16.69),
(842, 'Soup - Campbells, Cream Of', 351.55),
(843, 'Beef - Striploin Aa', 371.98),
(844, 'Wine - Red, Pelee Island Merlot', 3.11),
(845, 'Tart - Raisin And Pecan', 470.43),
(846, 'Flour - Bran, Red', 451.02),
(847, 'Amarula Cream', 81.5),
(848, 'Lid - 3oz Med Rec', 121.07),
(849, 'Wine - George Duboeuf Rose', 450.46),
(850, 'Chicken - Leg, Fresh', 179.51),
(851, 'Ice Cream Bar - Rolo Cone', 262.01),
(852, 'Capon - Breast, Double, Wing On', 236.85),
(853, 'Cheese Cloth No 100', 295.48),
(854, 'Veal - Slab Bacon', 126.97),
(855, 'Olives - Morracan Dired', 339.21),
(856, 'Sour Puss Raspberry', 114.49),
(857, 'Cheese - Brick With Onion', 299.8),
(858, 'Avocado', 128.02),
(859, 'Soupfoamcont12oz 112con', 282.85),
(860, 'True - Vue Containers', 156.16),
(861, 'Pepperoni Slices', 387.94),
(862, 'Wine - Gato Negro Cabernet', 305.26),
(863, 'Salmon - Fillets', 241.67),
(864, 'Beef - Diced', 450.54),
(865, 'Nescafe - Frothy French Vanilla', 344.4),
(866, 'Milk - Chocolate 250 Ml', 155.95),
(867, 'Juice - Orange 1.89l', 36.4),
(868, 'Fish - Halibut, Cold Smoked', 166.4),
(869, 'Lettuce - Lolla Rosa', 399.05),
(870, 'Vector Energy Bar', 300.1),
(871, 'Chicken - Base', 162.63),
(872, 'Tuna - Salad Premix', 258.53),
(873, 'Milk - Chocolate 250 Ml', 446.17),
(874, 'Pork - Bones', 106.87),
(875, 'V8 Splash Strawberry Banana', 194.24),
(876, 'Lettuce - Lolla Rosa', 117.48),
(877, 'Chambord Royal', 391.56),
(878, 'Lemonade - Strawberry, 591 Ml', 27.71),
(879, 'Wanton Wrap', 417.78),
(880, 'Beer - Molson Excel', 122.18),
(881, 'Sugar - Individual Portions', 104.5),
(882, 'Beef Dry Aged Tenderloin Aaa', 111.72),
(883, 'Cheese - Gorgonzola', 492.01),
(884, 'Nut - Almond, Blanched, Whole', 276.84),
(885, 'Olives - Nicoise', 258.08),
(886, 'Wine - Cave Springs Dry Riesling', 135.77),
(887, 'Chinese Foods - Cantonese', 241.54),
(888, 'Sambuca - Opal Nera', 354.1),
(889, 'Lambcasing', 411.01),
(890, 'Beef - Prime Rib Aaa', 248.95),
(891, 'Towel - Roll White', 177.43),
(892, 'Sproutsmustard Cress', 70.07),
(893, 'Beets - Candy Cane, Organic', 249.56),
(894, 'Extract - Vanilla,artificial', 140.22),
(895, 'Oil - Canola', 284.49),
(896, 'Table Cloth 72x144 White', 296.14),
(897, 'Chicken - Leg, Fresh', 152.38),
(898, 'Bacardi Limon', 403.76),
(899, 'Cheese - Brie', 270.65),
(900, 'Wine - Zonnebloem Pinotage', 225.54),
(901, 'Pear - Prickly', 89.37),
(902, 'Sugar - Monocystal / Rock', 363.48),
(903, 'Potatoes - Yukon Gold, 80 Ct', 349.17),
(904, 'Fish - Scallops, Cold Smoked', 375.09),
(905, 'Lemon Grass', 126.34),
(906, 'Lettuce - Radicchio', 54.65),
(907, 'Poppy Seed', 185.73),
(908, 'Cheese - Gouda Smoked', 76.42),
(909, 'Puree - Guava', 36.51),
(910, 'Bread - Olive Dinner Roll', 50.92),
(911, 'Nantucket Orange Juice', 46.35),
(912, 'Thyme - Fresh', 447.82),
(913, 'Snapple Raspberry Tea', 283.16),
(914, 'Sobe - Tropical Energy', 414.91),
(915, 'Cherries - Frozen', 319.55),
(916, 'Juice - Happy Planet', 364.08),
(917, 'Tart - Lemon', 378.0),
(918, 'Flower - Potmums', 493.22),
(919, 'Alize Red Passion', 260.11),
(920, 'Olives - Nicoise', 142.84),
(921, 'Bread Fig And Almond', 415.11),
(922, 'Water, Tap', 411.45),
(923, 'Appetizer - Mini Egg Roll, Shrimp', 377.33),
(924, 'Wine - White, Mosel Gold', 43.63),
(925, 'Tumeric', 211.2),
(926, 'Wine - Vouvray Cuvee Domaine', 368.93),
(927, 'Yogurt - Cherry, 175 Gr', 371.0),
(928, 'Vodka - Smirnoff', 450.91),
(929, 'Bread - French Baquette', 272.22),
(930, 'Longos - Grilled Veg Sandwiches', 154.4),
(931, 'Cookie Dough - Peanut Butter', 61.36),
(932, 'Longos - Penne With Pesto', 96.56),
(933, 'Artichokes - Knobless, White', 194.48),
(934, 'Towel - Roll White', 52.87),
(935, 'Yucca', 331.45),
(936, 'Cocoa Powder - Dutched', 195.48),
(937, 'Banana Turning', 6.59),
(938, 'Bag Stand', 67.12),
(939, 'Shrimp - Baby, Cold Water', 73.92),
(940, 'Sour Puss Sour Apple', 34.1),
(941, 'Chinese Foods - Chicken', 363.86),
(942, 'Macaroons - Two Bite Choc', 273.27),
(943, 'Wine - Delicato Merlot', 496.2),
(944, 'Mustard Prepared', 308.73),
(945, 'Water Chestnut - Canned', 239.1),
(946, 'Hipnotiq Liquor', 45.3),
(947, 'Cognac - Courvaisier', 170.69),
(948, 'Mushroom - Morels, Dry', 249.09),
(949, 'Pork - Butt, Boneless', 63.18),
(950, 'Celery', 69.42),
(951, 'Cognac - Courvaisier', 474.1),
(952, 'Sea Urchin', 124.5),
(953, 'Miso - Soy Bean Paste', 382.81),
(954, 'Pork - Back, Long Cut, Boneless', 99.3),
(955, 'Tray - Foam, Square 4 - S', 270.68),
(956, 'Dooleys Toffee', 64.25),
(957, 'Remy Red Berry Infusion', 433.24),
(958, 'Plastic Wrap', 484.11),
(959, 'Dried Cranberries', 459.1),
(960, 'Cookie Dough - Chocolate Chip', 71.18),
(961, 'Salmon Steak - Cohoe 8 Oz', 73.98),
(962, 'Wine - Saint - Bris 2002, Sauv', 110.03),
(963, 'Veal - Provimi Inside', 465.47),
(964, 'Alize Sunset', 39.61),
(965, 'Ecolab Digiclean Mild Fm', 130.46),
(966, 'Chef Hat 25cm', 207.49),
(967, 'Salmon - Atlantic, No Skin', 94.43),
(968, 'Wine - Toasted Head', 495.41),
(969, 'Pasta - Gnocchi, Potato', 358.0),
(970, 'Pork - Ham, Virginia', 182.1),
(971, 'Bag - Clear 7 Lb', 384.5),
(972, 'Honey - Liquid', 431.84),
(973, 'Table Cloth 90x90 Colour', 98.79),
(974, 'Coffee Caramel Biscotti', 152.02),
(975, 'Bread Bowl Plain', 168.7),
(976, 'Table Cloth 91x91 Colour', 85.83),
(977, 'Wine - Red, Antinori Santa', 389.68),
(978, 'Wine - Hardys Bankside Shiraz', 15.12),
(979, 'Croissant, Raw - Mini', 35.15),
(980, 'Garam Marsala', 5.33),
(981, 'Island Oasis - Strawberry', 91.06),
(982, 'Red Cod Fillets - 225g', 452.09),
(983, 'Savory', 273.15),
(984, 'Wine - Champagne Brut Veuve', 73.62),
(985, 'Onions - Pearl', 48.31),
(986, 'Brandy - Orange, Mc Guiness', 348.06),
(987, 'Straw - Regular', 35.72),
(988, 'Nut - Walnut, Pieces', 27.77),
(989, 'Wine - Fume Blanc Fetzer', 453.57),
(990, 'Flour - Strong', 292.94),
(991, 'Mushroom - Lg - Cello', 407.16),
(992, 'Sherry - Dry', 300.62),
(993, 'Soup Campbells Mexicali Tortilla', 116.98),
(994, 'Juice Peach Nectar', 26.24),
(995, 'Yokaline', 203.28),
(996, 'Chicken - Ground', 353.8),
(997, 'Potatoes - Yukon Gold 5 Oz', 78.59),
(998, 'Crush - Grape, 355 Ml', 422.55),
(999, 'Cheese - Cheddarsliced', 96.02),
(1000, 'Pate - Liver', 355.95);


insert into dbi.Wishlist (id, year, child_id) values (1, 2003, 1),
(2, 2008, 2),
(3, 2017, 3),
(4, 2023, 4),
(5, 2019, 5),
(6, 2005, 6),
(7, 2003, 7),
(8, 2009, 8),
(9, 2013, 9),
(10, 2010, 10),
(11, 2018, 70),
(12, 2016, 13),
(13, 2019, 31),
(14, 2023, 14),
(15, 2022, 47),
(16, 2004, 75),
(17, 2012, 16),
(18, 2002, 16),
(19, 2012, 76),
(20, 2001, 46),
(21, 2005, 31),
(22, 2004, 38),
(23, 2014, 21),
(24, 2004, 14),
(25, 2015, 42),
(26, 2002, 37),
(27, 2022, 17),
(28, 2005, 44),
(29, 2005, 4),
(30, 2016, 24),
(31, 2000, 32),
(32, 2011, 99),
(33, 2001, 44),
(34, 2002, 66),
(35, 2019, 53),
(36, 2019, 07),
(37, 2009, 2),
(38, 2021, 66),
(39, 2012, 64),
(40, 2020, 24),
(41, 2001, 31),
(42, 2021, 32),
(43, 2004, 37),
(44, 2003, 89),
(45, 2013, 35),
(46, 2004, 5),
(47, 2008, 84),
(48, 2021, 26),
(49, 2006, 36),
(50, 2018, 69),
(51, 2005, 56),
(52, 2007, 95),
(53, 2010, 81),
(54, 2007, 86),
(55, 2017, 57),
(56, 2002, 02),
(57, 2021, 85),
(58, 2008, 03),
(59, 2019, 86),
(60, 2001, 60),
(61, 2023, 20),
(62, 2020, 77),
(63, 2023, 16),
(64, 2008, 10),
(65, 2000, 18),
(66, 2009, 39),
(67, 2000, 52),
(68, 2004, 14),
(69, 2020, 61),
(70, 2019, 36),
(71, 2010, 94),
(72, 2021, 94),
(73, 2000, 44),
(74, 2022, 28),
(75, 2000, 92),
(76, 2014, 34),
(77, 2000, 88),
(78, 2012, 19),
(79, 2018, 19),
(80, 2005, 04),
(81, 2009, 60),
(82, 2008, 02),
(83, 2003, 73),
(84, 2009, 55),
(85, 2022, 81),
(86, 2008, 42),
(87, 2014, 36),
(88, 2010, 19),
(89, 2015, 15),
(90, 2018, 69),
(91, 2012, 37),
(92, 2014, 13),
(93, 2000, 95),
(94, 2007, 32),
(95, 2004, 20),
(96, 2010, 77),
(97, 2009, 94),
(98, 2023, 02),
(99, 2015, 70),
(100, 2021, 62);
(101, 2016, 121),
(102, 2011, 321),
(103, 2013, 462),
(104, 2011, 72),
(105, 2012, 107),
(106, 2019, 334),
(107, 2008, 297),
(108, 2006, 141),
(109, 2002, 222),
(110, 2012, 332),
(111, 2015, 71),
(112, 2006, 255),
(113, 2013, 447),
(114, 2021, 450),
(115, 2016, 111),
(116, 2010, 284),
(117, 2019, 96),
(118, 2014, 301),
(119, 2023, 65),
(120, 2005, 260),
(121, 2005, 488),
(122, 2009, 311),
(123, 2022, 430),
(124, 2018, 145),
(125, 2009, 413),
(126, 2022, 23),
(127, 2013, 376),
(128, 2006, 10),
(129, 2002, 246),
(130, 2017, 342),
(131, 2008, 24),
(132, 2018, 164),
(133, 2010, 192),
(134, 2021, 347),
(135, 2001, 68),
(136, 2011, 175),
(137, 2023, 59),
(138, 2016, 335),
(139, 2002, 98),
(140, 2007, 391),
(141, 2005, 53),
(142, 2014, 44),
(143, 2008, 52),
(144, 2021, 458),
(145, 2000, 251),
(146, 2010, 130),
(147, 2005, 162),
(148, 2006, 109),
(149, 2008, 145),
(150, 2008, 393),
(151, 2012, 415),
(152, 2008, 188),
(153, 2018, 342),
(154, 2004, 483),
(155, 2012, 25),
(156, 2005, 469),
(157, 2002, 417),
(158, 2022, 323),
(159, 2016, 22),
(160, 2019, 157),
(161, 2014, 417),
(162, 2022, 384),
(163, 2001, 450),
(164, 2004, 390),
(165, 2020, 265),
(166, 2005, 242),
(167, 2013, 395),
(168, 2004, 343),
(169, 2017, 20),
(170, 2001, 194),
(171, 2019, 458),
(172, 2005, 43),
(173, 2000, 199),
(174, 2014, 177),
(175, 2006, 382),
(176, 2000, 144),
(177, 2001, 155),
(178, 2011, 355),
(179, 2004, 114),
(180, 2003, 443),
(181, 2011, 156),
(182, 2006, 364),
(183, 2012, 107),
(184, 2000, 385),
(185, 2002, 189),
(186, 2020, 273),
(187, 2007, 452),
(188, 2012, 235),
(189, 2008, 138),
(190, 2004, 425),
(191, 2009, 476),
(192, 2010, 188),
(193, 2006, 37),
(194, 2009, 444),
(195, 2023, 25),
(196, 2008, 494),
(197, 2022, 448),
(198, 2021, 304),
(199, 2008, 199),
(200, 2010, 158),
(201, 2020, 62),
(202, 2022, 382),
(203, 2014, 212),
(204, 2002, 206),
(205, 2005, 340),
(206, 2013, 316),
(207, 2020, 77),
(208, 2009, 10),
(209, 2017, 386),
(210, 2004, 458),
(211, 2011, 81),
(212, 2012, 343),
(213, 2006, 189),
(214, 2006, 13),
(215, 2009, 233),
(216, 2019, 53),
(217, 2022, 47),
(218, 2002, 320),
(219, 2009, 490),
(220, 2007, 149),
(221, 2018, 224),
(222, 2010, 3),
(223, 2013, 421),
(224, 2011, 197),
(225, 2013, 53),
(226, 2015, 69),
(227, 2020, 215),
(228, 2019, 277),
(229, 2019, 365),
(230, 2016, 286),
(231, 2002, 111),
(232, 2004, 333),
(233, 2018, 393),
(234, 2017, 454),
(235, 2023, 139),
(236, 2014, 13),
(237, 2011, 354),
(238, 2017, 27),
(239, 2000, 86),
(240, 2013, 176),
(241, 2009, 384),
(242, 2013, 301),
(243, 2013, 454),
(244, 2022, 46),
(245, 2006, 267),
(246, 2018, 212),
(247, 2015, 426),
(248, 2004, 246),
(249, 2016, 143),
(250, 2016, 457),
(251, 2011, 426),
(252, 2021, 24),
(253, 2009, 475),
(254, 2010, 457),
(255, 2018, 146),
(256, 2015, 307),
(257, 2022, 151),
(258, 2000, 329),
(259, 2011, 453),
(260, 2002, 125),
(261, 2022, 208),
(262, 2019, 495),
(263, 2012, 102),
(264, 2014, 413),
(265, 2018, 258),
(266, 2016, 470),
(267, 2010, 199),
(268, 2017, 482),
(269, 2016, 175),
(270, 2015, 49),
(271, 2016, 202),
(272, 2015, 160),
(273, 2014, 57),
(274, 2003, 216),
(275, 2008, 415),
(276, 2006, 46),
(277, 2006, 450),
(278, 2023, 310),
(279, 2014, 125),
(280, 2017, 282),
(281, 2016, 63),
(282, 2013, 248),
(283, 2008, 474),
(284, 2016, 44),
(285, 2000, 176),
(286, 2021, 263),
(287, 2021, 476),
(288, 2005, 84),
(289, 2014, 33),
(290, 2004, 50),
(291, 2016, 160),
(292, 2015, 167),
(293, 2021, 72),
(294, 2015, 366),
(295, 2015, 111),
(296, 2008, 113),
(297, 2013, 300),
(298, 2023, 379),
(299, 2023, 13),
(300, 2003, 255),
(301, 2017, 267),
(302, 2010, 189),
(303, 2008, 9),
(304, 2003, 141),
(305, 2009, 432),
(306, 2000, 456),
(307, 2013, 199),
(308, 2017, 251),
(309, 2015, 432),
(310, 2009, 476),
(311, 2020, 437),
(312, 2002, 490),
(313, 2013, 259),
(314, 2007, 47),
(315, 2015, 70),
(316, 2006, 464),
(317, 2021, 321),
(318, 2007, 301),
(319, 2022, 113),
(320, 2012, 106),
(321, 2002, 100),
(322, 2022, 95),
(323, 2003, 96),
(324, 2004, 127),
(325, 2005, 291),
(326, 2002, 491),
(327, 2018, 36),
(328, 2007, 168),
(329, 2000, 213),
(330, 2006, 125),
(331, 2013, 329),
(332, 2000, 14),
(333, 2010, 43),
(334, 2015, 142),
(335, 2000, 103),
(336, 2017, 404),
(337, 2006, 154),
(338, 2021, 133),
(339, 2013, 444),
(340, 2021, 99),
(341, 2009, 431),
(342, 2006, 258),
(343, 2017, 3),
(344, 2005, 68),
(345, 2002, 45),
(346, 2012, 289),
(347, 2011, 28),
(348, 2004, 400),
(349, 2018, 111),
(350, 2020, 51),
(351, 2008, 154),
(352, 2023, 498),
(353, 2006, 74),
(354, 2018, 165),
(355, 2012, 249),
(356, 2017, 91),
(357, 2017, 359),
(358, 2016, 491),
(359, 2004, 440),
(360, 2020, 148),
(361, 2011, 494),
(362, 2007, 120),
(363, 2023, 421),
(364, 2023, 29),
(365, 2015, 410),
(366, 2018, 332),
(367, 2015, 363),
(368, 2016, 331),
(369, 2019, 155),
(370, 2007, 68),
(371, 2016, 125),
(372, 2013, 278),
(373, 2020, 213),
(374, 2008, 203),
(375, 2018, 171),
(376, 2015, 240),
(377, 2022, 282),
(378, 2017, 193),
(379, 2009, 30),
(380, 2018, 382),
(381, 2004, 222),
(382, 2016, 220),
(383, 2003, 71),
(384, 2013, 278),
(385, 2008, 474),
(386, 2003, 163),
(387, 2015, 92),
(388, 2005, 216),
(389, 2011, 499),
(390, 2016, 332),
(391, 2008, 382),
(392, 2014, 390),
(393, 2008, 212),
(394, 2015, 463),
(395, 2008, 300),
(396, 2014, 27),
(397, 2018, 13),
(398, 2023, 453),
(399, 2002, 444),
(400, 2003, 427),
(401, 2020, 248),
(402, 2023, 75),
(403, 2007, 395),
(404, 2021, 118),
(405, 2019, 279),
(406, 2019, 431),
(407, 2001, 114),
(408, 2017, 109),
(409, 2020, 35),
(410, 2007, 57),
(411, 2018, 184),
(412, 2016, 199),
(413, 2000, 111),
(414, 2009, 8),
(415, 2019, 386),
(416, 2003, 121),
(417, 2021, 258),
(418, 2010, 278),
(419, 2019, 127),
(420, 2013, 233),
(421, 2010, 166),
(422, 2003, 305),
(423, 2023, 444),
(424, 2017, 144),
(425, 2014, 319),
(426, 2001, 388),
(427, 2018, 209),
(428, 2002, 357),
(429, 2010, 67),
(430, 2021, 234),
(431, 2021, 175),
(432, 2006, 304),
(433, 2011, 17),
(434, 2005, 233),
(435, 2012, 278),
(436, 2021, 237),
(437, 2016, 271),
(438, 2022, 488),
(439, 2017, 303),
(440, 2015, 18),
(441, 2015, 247),
(442, 2023, 480),
(443, 2017, 150),
(444, 2003, 44),
(445, 2011, 234),
(446, 2018, 204),
(447, 2019, 455),
(448, 2010, 482),
(449, 2019, 163),
(450, 2006, 316),
(451, 2007, 166),
(452, 2022, 463),
(453, 2001, 351),
(454, 2017, 445),
(455, 2018, 424),
(456, 2021, 113),
(457, 2019, 328),
(458, 2002, 199),
(459, 2000, 497),
(460, 2013, 411),
(461, 2006, 5),
(462, 2022, 481),
(463, 2004, 24),
(464, 2011, 265),
(465, 2008, 305),
(466, 2017, 354),
(467, 2019, 56),
(468, 2006, 5),
(469, 2018, 330),
(470, 2003, 163),
(471, 2004, 454),
(472, 2007, 137),
(473, 2015, 180),
(474, 2010, 454),
(475, 2002, 415),
(476, 2015, 378),
(477, 2017, 131),
(478, 2002, 154),
(479, 2000, 362),
(480, 2009, 65),
(481, 2008, 443),
(482, 2018, 500),
(483, 2014, 480),
(484, 2003, 307),
(485, 2023, 320),
(486, 2022, 41),
(487, 2009, 32),
(488, 2006, 261),
(489, 2016, 433),
(490, 2015, 111),
(491, 2018, 173),
(492, 2004, 376),
(493, 2000, 394),
(494, 2018, 286),
(495, 2009, 24),
(496, 2019, 272),
(497, 2020, 82),
(498, 2017, 96),
(499, 2003, 75),
(500, 2009, 295),
(501, 2009, 304),
(502, 2018, 326),
(503, 2018, 219),
(504, 2009, 360),
(505, 2021, 298),
(506, 2001, 14),
(507, 2022, 452),
(508, 2003, 159),
(509, 2013, 8),
(510, 2003, 435),
(511, 2020, 351),
(512, 2001, 204),
(513, 2015, 300),
(514, 2007, 151),
(515, 2004, 354),
(516, 2000, 242),
(517, 2011, 221),
(518, 2010, 151),
(519, 2015, 286),
(520, 2003, 1),
(521, 2017, 70),
(522, 2011, 340),
(523, 2020, 478),
(524, 2018, 20),
(525, 2004, 329),
(526, 2004, 273),
(527, 2020, 297),
(528, 2006, 183),
(529, 2004, 420),
(530, 2007, 14),
(531, 2013, 112),
(532, 2021, 477),
(533, 2011, 252),
(534, 2018, 142),
(535, 2019, 173),
(536, 2000, 139),
(537, 2003, 212),
(538, 2018, 59),
(539, 2021, 303),
(540, 2022, 292),
(541, 2020, 411),
(542, 2018, 298),
(543, 2021, 88),
(544, 2009, 395),
(545, 2011, 250),
(546, 2011, 398),
(547, 2001, 126),
(548, 2019, 168),
(549, 2022, 432),
(550, 2017, 308),
(551, 2016, 474),
(552, 2008, 2),
(553, 2005, 215),
(554, 2017, 239),
(555, 2018, 377),
(556, 2008, 34),
(557, 2014, 151),
(558, 2016, 334),
(559, 2018, 353),
(560, 2011, 238),
(561, 2009, 442),
(562, 2000, 303),
(563, 2000, 313),
(564, 2018, 201),
(565, 2016, 379),
(566, 2008, 219),
(567, 2014, 115),
(568, 2000, 450),
(569, 2012, 175),
(570, 2020, 287),
(571, 2000, 248),
(572, 2010, 51),
(573, 2012, 458),
(574, 2020, 31),
(575, 2018, 461),
(576, 2003, 146),
(577, 2015, 66),
(578, 2010, 226),
(579, 2014, 363),
(580, 2012, 309),
(581, 2009, 27),
(582, 2011, 205),
(583, 2002, 295),
(584, 2007, 265),
(585, 2021, 111),
(586, 2005, 480),
(587, 2002, 451),
(588, 2006, 107),
(589, 2009, 290),
(590, 2022, 215),
(591, 2013, 147),
(592, 2003, 248),
(593, 2007, 232),
(594, 2023, 342),
(595, 2013, 249),
(596, 2006, 13),
(597, 2004, 90),
(598, 2005, 402),
(599, 2003, 95),
(600, 2002, 152),
(601, 2019, 92),
(602, 2018, 90),
(603, 2018, 432),
(604, 2018, 270),
(605, 2015, 199),
(606, 2022, 37),
(607, 2019, 282),
(608, 2007, 468),
(609, 2011, 195),
(610, 2007, 268),
(611, 2010, 266),
(612, 2005, 24),
(613, 2011, 25),
(614, 2002, 407),
(615, 2006, 181),
(616, 2006, 251),
(617, 2012, 86),
(618, 2003, 389),
(619, 2000, 322),
(620, 2005, 340),
(621, 2012, 465),
(622, 2018, 275),
(623, 2009, 316),
(624, 2008, 417),
(625, 2020, 329),
(626, 2009, 351),
(627, 2022, 365),
(628, 2017, 412),
(629, 2001, 123),
(630, 2023, 196),
(631, 2002, 180),
(632, 2000, 101),
(633, 2021, 329),
(634, 2020, 413),
(635, 2009, 243),
(636, 2006, 348),
(637, 2008, 377),
(638, 2014, 332),
(639, 2017, 256),
(640, 2005, 292),
(641, 2011, 12),
(642, 2015, 75),
(643, 2023, 320),
(644, 2014, 277),
(645, 2009, 95),
(646, 2011, 486),
(647, 2020, 170),
(648, 2017, 55),
(649, 2016, 448),
(650, 2014, 500),
(651, 2016, 247),
(652, 2014, 226),
(653, 2010, 444),
(654, 2011, 198),
(655, 2020, 8),
(656, 2019, 252),
(657, 2017, 42),
(658, 2016, 289),
(659, 2007, 312),
(660, 2006, 394),
(661, 2002, 427),
(662, 2009, 182),
(663, 2004, 62),
(664, 2008, 77),
(665, 2020, 439),
(666, 2006, 56),
(667, 2005, 107),
(668, 2007, 310),
(669, 2006, 25),
(670, 2010, 199),
(671, 2016, 310),
(672, 2008, 378),
(673, 2018, 167),
(674, 2017, 4),
(675, 2002, 239),
(676, 2010, 154),
(677, 2004, 422),
(678, 2009, 33),
(679, 2008, 75),
(680, 2005, 240),
(681, 2006, 110),
(682, 2004, 332),
(683, 2013, 112),
(684, 2014, 425),
(685, 2005, 411),
(686, 2020, 463),
(687, 2021, 295),
(688, 2014, 83),
(689, 2000, 166),
(690, 2009, 61),
(691, 2017, 60),
(692, 2020, 467),
(693, 2019, 270),
(694, 2014, 465),
(695, 2009, 149),
(696, 2012, 148),
(697, 2009, 486),
(698, 2010, 324),
(699, 2022, 480),
(700, 2010, 241),
(701, 2005, 8),
(702, 2002, 139),
(703, 2005, 349),
(704, 2000, 153),
(705, 2003, 262),
(706, 2002, 161),
(707, 2011, 179),
(708, 2021, 203),
(709, 2005, 301),
(710, 2008, 343),
(711, 2007, 14),
(712, 2004, 190),
(713, 2012, 149),
(714, 2003, 314),
(715, 2004, 422),
(716, 2013, 485),
(717, 2018, 89),
(718, 2009, 73),
(719, 2003, 156),
(720, 2017, 437),
(721, 2016, 202),
(722, 2016, 158),
(723, 2012, 179),
(724, 2017, 209),
(725, 2009, 249),
(726, 2007, 481),
(727, 2013, 476),
(728, 2016, 425),
(729, 2005, 292),
(730, 2013, 280),
(731, 2016, 473),
(732, 2015, 441),
(733, 2003, 326),
(734, 2008, 10),
(735, 2009, 185),
(736, 2018, 286),
(737, 2011, 299),
(738, 2005, 3),
(739, 2017, 482),
(740, 2000, 461),
(741, 2022, 22),
(742, 2016, 115),
(743, 2009, 187),
(744, 2000, 485),
(745, 2008, 274),
(746, 2021, 162),
(747, 2017, 406),
(748, 2002, 390),
(749, 2005, 284),
(750, 2011, 221),
(751, 2017, 458),
(752, 2001, 129),
(753, 2005, 283),
(754, 2012, 163),
(755, 2001, 310),
(756, 2015, 148),
(757, 2007, 366),
(758, 2012, 418),
(759, 2022, 158),
(760, 2015, 383),
(761, 2022, 163),
(762, 2021, 225),
(763, 2011, 211),
(764, 2005, 34),
(765, 2008, 450),
(766, 2009, 240),
(767, 2015, 409),
(768, 2013, 434),
(769, 2015, 45),
(770, 2005, 100),
(771, 2017, 54),
(772, 2010, 264),
(773, 2022, 2),
(774, 2016, 310),
(775, 2004, 141),
(776, 2019, 53),
(777, 2008, 333),
(778, 2018, 173),
(779, 2008, 250),
(780, 2019, 489),
(781, 2013, 344),
(782, 2002, 438),
(783, 2001, 38),
(784, 2021, 306),
(785, 2023, 418),
(786, 2015, 310),
(787, 2010, 253),
(788, 2009, 419),
(789, 2023, 483),
(790, 2020, 427),
(791, 2013, 499),
(792, 2008, 458),
(793, 2016, 176),
(794, 2001, 244),
(795, 2010, 59),
(796, 2021, 492),
(797, 2014, 440),
(798, 2014, 255),
(799, 2015, 490),
(800, 2021, 116),
(801, 2001, 90),
(802, 2016, 489),
(803, 2003, 28),
(804, 2012, 446),
(805, 2021, 469),
(806, 2022, 211),
(807, 2022, 134),
(808, 2001, 124),
(809, 2007, 478),
(810, 2006, 490),
(811, 2012, 103),
(812, 2006, 363),
(813, 2013, 98),
(814, 2001, 462),
(815, 2004, 301),
(816, 2011, 92),
(817, 2013, 427),
(818, 2015, 424),
(819, 2012, 245),
(820, 2015, 11),
(821, 2022, 213),
(822, 2008, 413),
(823, 2009, 128),
(824, 2016, 15),
(825, 2013, 300),
(826, 2006, 454),
(827, 2014, 186),
(828, 2022, 205),
(829, 2007, 285),
(830, 2013, 433),
(831, 2021, 428),
(832, 2005, 97),
(833, 2022, 434),
(834, 2006, 320),
(835, 2020, 304),
(836, 2002, 118),
(837, 2006, 290),
(838, 2018, 242),
(839, 2022, 229),
(840, 2006, 68),
(841, 2008, 254),
(842, 2000, 184),
(843, 2006, 440),
(844, 2023, 220),
(845, 2002, 227),
(846, 2003, 150),
(847, 2015, 18),
(848, 2016, 173),
(849, 2013, 385),
(850, 2007, 273),
(851, 2006, 452),
(852, 2016, 21),
(853, 2005, 347),
(854, 2019, 267),
(855, 2023, 119),
(856, 2002, 127),
(857, 2016, 433),
(858, 2000, 242),
(859, 2017, 16),
(860, 2006, 116),
(861, 2004, 434),
(862, 2014, 330),
(863, 2007, 329),
(864, 2012, 96),
(865, 2018, 323),
(866, 2009, 388),
(867, 2008, 466),
(868, 2019, 217),
(869, 2020, 17),
(870, 2005, 129),
(871, 2003, 134),
(872, 2004, 37),
(873, 2015, 129),
(874, 2018, 414),
(875, 2010, 144),
(876, 2005, 155),
(877, 2005, 112),
(878, 2005, 117),
(879, 2008, 334),
(880, 2010, 106),
(881, 2008, 190),
(882, 2004, 85),
(883, 2005, 271),
(884, 2021, 290),
(885, 2003, 410),
(886, 2013, 204),
(887, 2002, 218),
(888, 2002, 15),
(889, 2022, 248),
(890, 2016, 453),
(891, 2020, 355),
(892, 2015, 37),
(893, 2010, 329),
(894, 2010, 397),
(895, 2018, 456),
(896, 2007, 387),
(897, 2020, 430),
(898, 2008, 371),
(899, 2022, 124),
(900, 2004, 488),
(901, 2021, 62),
(902, 2002, 204),
(903, 2006, 214),
(904, 2003, 259),
(905, 2009, 57),
(906, 2016, 379),
(907, 2011, 342),
(908, 2020, 424),
(909, 2014, 18),
(910, 2016, 459),
(911, 2006, 118),
(912, 2015, 152),
(913, 2022, 311),
(914, 2004, 42),
(915, 2020, 174),
(916, 2008, 438),
(917, 2022, 356),
(918, 2008, 97),
(919, 2017, 284),
(920, 2000, 243),
(921, 2010, 119),
(922, 2008, 340),
(923, 2002, 48),
(924, 2016, 139),
(925, 2007, 229),
(926, 2014, 419),
(927, 2005, 143),
(928, 2004, 318),
(929, 2013, 18),
(930, 2016, 84),
(931, 2001, 487),
(932, 2000, 442),
(933, 2007, 496),
(934, 2012, 42),
(935, 2015, 262),
(936, 2010, 445),
(937, 2022, 435),
(938, 2007, 402),
(939, 2007, 293),
(940, 2017, 335),
(941, 2001, 150),
(942, 2019, 394),
(943, 2014, 409),
(944, 2015, 2),
(945, 2023, 327),
(946, 2011, 470),
(947, 2006, 307),
(948, 2015, 285),
(949, 2006, 273),
(950, 2021, 231),
(951, 2005, 272),
(952, 2016, 271),
(953, 2018, 69),
(954, 2019, 276),
(955, 2007, 378),
(956, 2017, 185),
(957, 2012, 177),
(958, 2023, 329),
(959, 2003, 290),
(960, 2002, 32),
(961, 2001, 466),
(962, 2020, 29),
(963, 2005, 424),
(964, 2004, 347),
(965, 2021, 227),
(966, 2001, 177),
(967, 2003, 332),
(968, 2007, 221),
(969, 2002, 117),
(970, 2003, 337),
(971, 2016, 192),
(972, 2007, 105),
(973, 2004, 287),
(974, 2007, 135),
(975, 2021, 292),
(976, 2006, 344),
(977, 2017, 21),
(978, 2021, 137),
(979, 2012, 397),
(980, 2000, 414),
(981, 2012, 242),
(982, 2013, 251),
(983, 2007, 356),
(984, 2006, 329),
(985, 2009, 230),
(986, 2014, 362),
(987, 2022, 411),
(988, 2006, 167),
(989, 2023, 134),
(990, 2021, 245),
(991, 2019, 183),
(992, 2011, 294),
(993, 2004, 73),
(994, 2000, 382),
(995, 2014, 318),
(996, 2007, 264),
(997, 2020, 58),
(998, 2003, 491),
(999, 2001, 42),
(1000, 2022, 338);


insert into dbi.Wishlist_has_item (Wishlist_id, Item_id) values (1, 1),
 (2, 2),
 (3, 3),
 (4, 4),
 (5, 5),
 (6, 6),
 (7, 7),
 (8, 8),
 (9, 9),
 (10, 10);
 (11, 32),
 (11, 99),
 (10, 24),
 (01, 24),
 (38, 24),
 (17, 46),
 (17, 30),
 (02, 15),
 (04, 28),
 (74, 28),
 (22, 83),
 (02, 22),
 (87, 14),
 (22, 28),
 (04, 75),
 (79, 43),
 (06, 22),
 (80, 10),
 (71, 43),
 (49, 38),
 (38, 28),
 (44, 87),
 (17, 24),
 (17, 22),
 (78, 99),
 (78, 16),
 (52, 39),
 (30, 48),
 (88, 39),
 (20, 36),
 (26, 27),
 (15, 49),
 (42, 49),
 (70, 39),
 (38, 32),
 (27, 8),
 (74, 12),
 (40, 22),
 (84, 21),
 (29, 39),
 (21, 35),
 (20, 17),
 (43, 93),
 (46, 36),
 (16, 36),
 (45, 14),
 (22, 35),
 (15, 14),
 (52, 18),
 (14, 18),
 (47, 33),
 (88, 17),
 (32, 45),
 (39, 50),
 (26, 6),
 (15, 80),
 (45, 8),
 (18, 14),
 (22, 42),
 (24, 46),
 (66, 4),
 (90, 10),
 (05, 10),
 (22, 6),
 (32, 49),
 (44, 33),
 (39, 44),
 (10, 30),
 (7, 17),
 (94, 40),
 (82, 19),
 (28, 15),
 (22, 20),
 (69, 59),
 (16, 20),
 (19, 37),
 (41, 52),
 (34, 18),
 (40, 46),
 (31, 18),
 (38, 37),
 (11, 28),
 (16, 99),
 (86, 36),
 (33, 25),
 (14, 26),
 (49, 8),
 (19, 48),
 (51, 12),
 (21, 13),
 (10, 70);
 (251, 287),
 (201, 333),
 (408, 110),
 (445, 174),
 (202, 92),
 (138, 311),
 (188, 98),
 (361, 288),
 (339, 107),
 (361, 303),
 (389, 132),
 (414, 186),
 (359, 423),
 (272, 400),
 (467, 72),
 (346, 153),
 (277, 255),
 (339, 140),
 (197, 319),
 (17, 440),
 (177, 391),
 (195, 66),
 (372, 68),
 (248, 175),
 (212, 350),
 (449, 17),
 (58, 16),
 (31, 455),
 (224, 114),
 (37, 301),
 (352, 418),
 (413, 220),
 (16, 118),
 (148, 128),
 (259, 154),
 (322, 147),
 (160, 160),
 (25, 249),
 (340, 355),
 (316, 157),
 (316, 25),
 (3, 494),
 (3, 112),
 (143, 179),
 (347, 392),
 (474, 2),
 (371, 431),
 (465, 96),
 (59, 13),
 (391, 435),
 (482, 268),
 (55, 175),
 (438, 204),
 (250, 432),
 (411, 234),
 (23, 461),
 (370, 496),
 (6, 91),
 (443, 12),
 (348, 438),
 (268, 373),
 (127, 427),
 (157, 107),
 (123, 116),
 (51, 468),
 (391, 93),
 (323, 404),
 (327, 372),
 (315, 18),
 (498, 363),
 (125, 129),
 (199, 240),
 (473, 20),
 (100, 338),
 (418, 333),
 (450, 420),
 (103, 436),
 (58, 367),
 (438, 450),
 (58, 398),
 (93, 287),
 (58, 214),
 (317, 105),
 (300, 491),
 (220, 397),
 (224, 61),
 (367, 332),
 (289, 405),
 (335, 251),
 (118, 496),
 (488, 88),
 (39, 272),
 (399, 266),
 (307, 1),
 (267, 164),
 (99, 365),
 (413, 292),
 (24, 304),
 (227, 25),
 (281, 169),
 (421, 453),
 (189, 218),
 (198, 165),
 (372, 174),
 (428, 285),
 (215, 419),
 (468, 152),
 (43, 47),
 (363, 44),
 (470, 185),
 (53, 377),
 (351, 15),
 (184, 393),
 (200, 69),
 (132, 157),
 (459, 131),
 (81, 341),
 (478, 323),
 (24, 97),
 (65, 299),
 (147, 276),
 (59, 132),
 (429, 168),
 (327, 497),
 (493, 118),
 (250, 375),
 (31, 310),
 (66, 355),
 (440, 323),
 (308, 278),
 (141, 376),
 (78, 315),
 (382, 327),
 (76, 408),
 (422, 379),
 (180, 347),
 (25, 150),
 (211, 186),
 (343, 355),
 (128, 34),
 (95, 402),
 (385, 349),
 (341, 146),
 (386, 328),
 (332, 343),
 (67, 250),
 (219, 33),
 (15, 441),
 (309, 252),
 (425, 480),
 (106, 200),
 (20, 223),
 (410, 26),
 (75, 216),
 (206, 361),
 (229, 496),
 (239, 57),
 (339, 126),
 (55, 30),
 (370, 483),
 (20, 329),
 (23, 315),
 (126, 209),
 (187, 44),
 (177, 77),
 (161, 272),
 (448, 163),
 (18, 130),
 (246, 111),
 (499, 128),
 (32, 462),
 (426, 240),
 (33, 213),
 (28, 141),
 (40, 89),
 (306, 315),
 (434, 269),
 (438, 465),
 (26, 237),
 (148, 161),
 (41, 210),
 (162, 384),
 (200, 176),
 (44, 235),
 (416, 338),
 (103, 473),
 (411, 122),
 (117, 302),
 (25, 46),
 (326, 105),
 (295, 34),
 (117, 459),
 (306, 230),
 (16, 253),
 (165, 164),
 (426, 431),
 (211, 463),
 (369, 349),
 (268, 210),
 (232, 454),
 (384, 98),
 (453, 41),
 (157, 435),
 (113, 387),
 (379, 331),
 (330, 21),
 (42, 342),
 (158, 215),
 (96, 294),
 (103, 155),
 (488, 342),
 (481, 347),
 (373, 253),
 (271, 248),
 (277, 308),
 (405, 243),
 (480, 18),
 (138, 263),
 (469, 221),
 (243, 370),
 (352, 144),
 (297, 91),
 (83, 113),
 (478, 407),
 (33, 30),
 (267, 296),
 (496, 398),
 (370, 110),
 (93, 241),
 (4, 34),
 (58, 77),
 (159, 348),
 (420, 237),
 (374, 221),
 (106, 443),
 (233, 305),
 (261, 326),
 (122, 83),
 (170, 151),
 (485, 124),
 (269, 270),
 (336, 467),
 (361, 91),
 (396, 148),
 (434, 304),
 (143, 252),
 (420, 417),
 (358, 492),
 (37, 180),
 (492, 72),
 (496, 79),
 (179, 481),
 (480, 91),
 (2, 304),
 (272, 322),
 (108, 407),
 (405, 441),
 (296, 329),
 (248, 351),
 (3, 366),
 (85, 371),
 (10, 190),
 (28, 492),
 (363, 474),
 (343, 331),
 (90, 334),
 (187, 492),
 (138, 201),
 (177, 352),
 (76, 263),
 (162, 465),
 (241, 488),
 (350, 249),
 (360, 411),
 (218, 171),
 (214, 492),
 (310, 143),
 (71, 112),
 (341, 105),
 (51, 136),
 (36, 365),
 (97, 88),
 (72, 423),
 (318, 329),
 (46, 157),
 (123, 288),
 (381, 359),
 (424, 446),
 (133, 387),
 (401, 280),
 (232, 487),
 (371, 419),
 (140, 273),
 (227, 105),
 (54, 72),
 (381, 136),
 (405, 445),
 (312, 128),
 (370, 491),
 (491, 354),
 (24, 412),
 (87, 326),
 (318, 211),
 (319, 218),
 (100, 311),
 (21, 443),
 (366, 436),
 (490, 448),
 (47, 290),
 (287, 207),
 (278, 201),
 (216, 107),
 (407, 430),
 (81, 475),
 (10, 348),
 (28, 338),
 (125, 59),
 (421, 395),
 (141, 464),
 (454, 294),
 (419, 142),
 (316, 439),
 (425, 289),
 (204, 334),
 (253, 311),
 (440, 488),
 (486, 100),
 (43, 366),
 (340, 249),
 (37, 440),
 (234, 413),
 (286, 100),
 (114, 163),
 (299, 243),
 (421, 499),
 (238, 424),
 (34, 455),
 (368, 439),
 (284, 116),
 (196, 224),
 (8, 171),
 (422, 494),
 (119, 206),
 (29, 151),
 (342, 37),
 (21, 180),
 (108, 65),
 (420, 239),
 (213, 112),
 (279, 397),
 (89, 146),
 (151, 388),
 (294, 39),
 (318, 73),
 (223, 69),
 (283, 87),
 (188, 31),
 (459, 151),
 (429, 471),
 (354, 428),
 (240, 287),
 (289, 236),
 (75, 371),
 (470, 446),
 (151, 71),
 (322, 56),
 (15, 2),
 (338, 78),
 (142, 77),
 (270, 491),
 (219, 384),
 (239, 157),
 (395, 80),
 (240, 66),
 (352, 154),
 (250, 32),
 (115, 214),
 (173, 271),
 (471, 50),
 (303, 292),
 (210, 369),
 (474, 286),
 (195, 460),
 (376, 128),
 (356, 154),
 (461, 17),
 (352, 26),
 (350, 128),
 (339, 201),
 (382, 148),
 (246, 46),
 (192, 372),
 (211, 68),
 (116, 149),
 (417, 205),
 (286, 223),
 (364, 183),
 (128, 5),
 (490, 406),
 (319, 236),
 (146, 47),
 (153, 209),
 (178, 443),
 (192, 340),
 (166, 103),
 (248, 165),
 (107, 293),
 (62, 202),
 (377, 368),
 (138, 288),
 (409, 272),
 (140, 444),
 (154, 32),
 (490, 423),
 (95, 375),
 (203, 152),
 (199, 147),
 (369, 32),
 (377, 121),
 (112, 213),
 (246, 246),
 (365, 103),
 (364, 289),
 (322, 85),
 (447, 87),
 (74, 227),
 (243, 78),
 (391, 2),
 (495, 222),
 (6, 37),
 (403, 18),
 (319, 485),
 (191, 399),
 (78, 14),
 (82, 153),
 (46, 496),
 (233, 31),
 (118, 372),
 (196, 237),
 (224, 65),
 (129, 468),
 (334, 455),
 (49, 321),
 (193, 131),
 (300, 103),
 (342, 480),
 (253, 353),
 (93, 390),
 (341, 305),
 (97, 32),
 (65, 38),
 (374, 296),
 (166, 448),
 (88, 496),
 (139, 380),
 (71, 422),
 (89, 474),
 (62, 462),
 (26, 94),
 (100, 119),
 (254, 5),
 (429, 408),
 (300, 182),
 (500, 34),
 (484, 274),
 (89, 427),
 (240, 359),
 (95, 218),
 (77, 254),
 (69, 287),
 (399, 270),
 (292, 75),
 (124, 375),
 (9, 437),
 (495, 239),
 (349, 452),
 (440, 242),
 (449, 229),
 (205, 244),
 (188, 473),
 (64, 266),
 (228, 99),
 (192, 162),
 (459, 139),
 (158, 307),
 (205, 353),
 (252, 199),
 (230, 349),
 (300, 96),
 (392, 231),
 (103, 476),
 (420, 329),
 (50, 445),
 (270, 325),
 (122, 160),
 (486, 37),
 (385, 215),
 (166, 74),
 (379, 469),
 (220, 437),
 (61, 203),
 (233, 256),
 (109, 1),
 (491, 77),
 (417, 421),
 (247, 251),
 (144, 172),
 (447, 429),
 (468, 417),
 (70, 265),
 (167, 87),
 (168, 393),
 (174, 498),
 (387, 42),
 (217, 97),
 (33, 362),
 (8, 285),
 (480, 339),
 (305, 70),
 (407, 266),
 (52, 146),
 (190, 273),
 (98, 415),
 (234, 442),
 (127, 335),
 (449, 223),
 (225, 346),
 (260, 44),
 (269, 500),
 (163, 214),
 (444, 390),
 (496, 271),
 (221, 12),
 (358, 314),
 (326, 71),
 (381, 79),
 (38, 368),
 (187, 71),
 (139, 457),
 (146, 317),
 (37, 119),
 (168, 134),
 (226, 199),
 (337, 15),
 (102, 22),
 (426, 361),
 (356, 369),
 (240, 329),
 (256, 203),
 (6, 105),
 (218, 257),
 (293, 234),
 (393, 30),
 (316, 198),
 (11, 424),
 (73, 480),
 (186, 446),
 (391, 423),
 (335, 372),
 (456, 293),
 (493, 468),
 (404, 22),
 (163, 247),
 (229, 312),
 (223, 72),
 (375, 62),
 (25, 343),
 (135, 322),
 (91, 229),
 (271, 481),
 (445, 80),
 (116, 281),
 (190, 349),
 (100, 226),
 (85, 236),
 (45, 143),
 (232, 137),
 (299, 369),
 (57, 364),
 (468, 150),
 (180, 118),
 (477, 302),
 (363, 223),
 (254, 423),
 (10, 260),
 (257, 47),
 (92, 3),
 (215, 194),
 (292, 200),
 (252, 190),
 (27, 339),
 (77, 483),
 (9, 370),
 (232, 430),
 (256, 150),
 (194, 233),
 (381, 313),
 (271, 409),
 (75, 160),
 (345, 232),
 (180, 206),
 (165, 384),
 (289, 379),
 (366, 164),
 (334, 212),
 (263, 353),
 (483, 487),
 (232, 104),
 (191, 158),
 (227, 231),
 (433, 230),
 (24, 66),
 (33, 13),
 (225, 62),
 (337, 392),
 (298, 267),
 (478, 255),
 (50, 316),
 (218, 426),
 (472, 76),
 (386, 423),
 (97, 70),
 (489, 66),
 (27, 309),
 (422, 460),
 (427, 118),
 (296, 493),
 (375, 158),
 (38, 152),
 (156, 144),
 (393, 56),
 (2, 152),
 (37, 216),
 (383, 499),
 (481, 457),
 (87, 288),
 (157, 236),
 (169, 52),
 (211, 123),
 (96, 306),
 (275, 445),
 (493, 9),
 (97, 423),
 (352, 193),
 (457, 225),
 (419, 2),
 (5, 365),
 (399, 146),
 (389, 183),
 (48, 36),
 (64, 122),
 (426, 389),
 (426, 289),
 (357, 313),
 (203, 371),
 (133, 40),
 (98, 492),
 (465, 466),
 (423, 346),
 (285, 352),
 (334, 209),
 (212, 2),
 (144, 22),
 (89, 143),
 (224, 393),
 (131, 173),
 (433, 393),
 (429, 212),
 (79, 409),
 (123, 44),
 (116, 275),
 (495, 171),
 (430, 198),
 (251, 3),
 (39, 211),
 (81, 44),
 (396, 287),
 (420, 259),
 (251, 49),
 (199, 224),
 (398, 404),
 (20, 66),
 (182, 170),
 (230, 379),
 (453, 400),
 (332, 88),
 (306, 478),
 (470, 90),
 (423, 384),
 (467, 365),
 (431, 37),
 (405, 124),
 (267, 128),
 (271, 311),
 (78, 265),
 (108, 161),
 (180, 110),
 (287, 89),
 (358, 497),
 (268, 97),
 (413, 245),
 (174, 439),
 (322, 308),
 (115, 89),
 (122, 187),
 (421, 71),
 (263, 247),
 (418, 78),
 (132, 251),
 (297, 209),
 (146, 399),
 (90, 300),
 (139, 323),
 (463, 463),
 (285, 335),
 (330, 249),
 (411, 478),
 (254, 309),
 (36, 289),
 (78, 413),
 (415, 448),
 (397, 357),
 (90, 96),
 (478, 348),
 (343, 179),
 (389, 229),
 (203, 189),
 (346, 349),
 (181, 490),
 (136, 41),
 (11, 288),
 (215, 141),
 (230, 284),
 (367, 53),
 (453, 432),
 (63, 356),
 (472, 246),
 (401, 114),
 (33, 191),
 (414, 254),
 (213, 394),
 (104, 372),
 (419, 386),
 (119, 320),
 (108, 182),
 (192, 408),
 (404, 85),
 (207, 26),
 (98, 387),
 (339, 485),
 (307, 402),
 (474, 101),
 (468, 118),
 (403, 360),
 (64, 462),
 (31, 446),
 (149, 480),
 (119, 316),
 (103, 297),
 (467, 34),
 (134, 242),
 (92, 118),
 (478, 289),
 (464, 45),
 (455, 102),
 (234, 263),
 (139, 64),
 (360, 303),
 (487, 425),
 (334, 151),
 (24, 70),
 (15, 222),
 (170, 186),
 (330, 494),
 (373, 135),
 (423, 361),
 (494, 200),
 (221, 165),
 (237, 314),
 (477, 57),
 (305, 460),
 (282, 192),
 (92, 365),
 (396, 451),
 (1, 214),
 (346, 251),
 (418, 225),
 (186, 325),
 (289, 337),
 (383, 411),
 (165, 387),
 (127, 124),
 (282, 302),
 (356, 109),
 (428, 18),
 (464, 86),
 (128, 105),
 (93, 229),
 (94, 162),
 (490, 131),
 (146, 63),
 (100, 14),
 (465, 313),
 (409, 47),
 (29, 90),
 (300, 431),
 (452, 278),
 (34, 363),
 (226, 230),
 (136, 396),
 (320, 400),
 (136, 187),
 (144, 368),
 (438, 238),
 (52, 498),
 (204, 96),
 (74, 292),
 (377, 417),
 (328, 370),
 (476, 42),
 (400, 273),
 (382, 128),
 (457, 233),
 (145, 276),
 (43, 2),
 (466, 132),
 (155, 212),
 (344, 132),
 (18, 314),
 (306, 398),
 (409, 211),
 (43, 313),
 (413, 141),
 (192, 85),
 (289, 100),
 (494, 146),
 (110, 34),
 (247, 413),
 (369, 239),
 (319, 176),
 (94, 168),
 (96, 374),
 (275, 187),
 (210, 94),
 (218, 328),
 (439, 268),
 (431, 7),
 (274, 227),
 (357, 93),
 (256, 436),
 (251, 363),
 (385, 361),
 (85, 159),
 (18, 270),
 (344, 391),
 (461, 132),
 (362, 204),
 (428, 242),
 (48, 401),
 (271, 198),
 (342, 3),
 (83, 124),
 (193, 123),
 (451, 365),
 (311, 42),
 (140, 19),
 (256, 345),
 (452, 484),
 (299, 103),
 (437, 239),
 (478, 158),
 (461, 367),
 (81, 191),
 (135, 339),
 (203, 147),
 (125, 128),
 (31, 434),
 (16, 84),
 (463, 378),
 (260, 238),
 (177, 170),
 (247, 485),
 (216, 303),
 (298, 483),
 (275, 51),
 (33, 434),
 (279, 473),
 (478, 82),
 (329, 76),
 (425, 487),
 (304, 333),
 (443, 247),
 (410, 4),
 (330, 39),
 (353, 344),
 (327, 123),
 (328, 481),
 (115, 205),
 (182, 187);